frase,situacao
"Sinto cansaço leve que passou após descansar, sem dor no peito depois da caminhada de ontem; retomei as tarefas normalmente.",baixo risco
"Depois da caminhada de ontem, comecei a apresentar cansaço leve que passou após descansar, sem dor no peito. Por isso, retomei as tarefas normalmente.",baixo risco
"Meu relato é de cansaço leve que passou após descansar, sem dor no peito, com início depois da caminhada de ontem. Na rotina, retomei as tarefas normalmente.",baixo risco
"Percebi depois da caminhada de ontem que estava com cansaço leve que passou após descansar, sem dor no peito; desde então retomei as tarefas normalmente.",baixo risco
"Sinto dor muscular leve no ombro ao mover o braço, sem falta de ar após carregar caixas ontem; consigo trabalhar normalmente.",baixo risco
"Após carregar caixas ontem, comecei a apresentar dor muscular leve no ombro ao mover o braço, sem falta de ar. Por isso, consigo trabalhar normalmente.",baixo risco
"Meu relato é de dor muscular leve no ombro ao mover o braço, sem falta de ar, com início após carregar caixas ontem. Na rotina, consigo trabalhar normalmente.",baixo risco
"Percebi após carregar caixas ontem que estava com dor muscular leve no ombro ao mover o braço, sem falta de ar; desde então consigo trabalhar normalmente.",baixo risco
"Sinto espirros e coriza leves, sem desconforto no peito desde esta manhã; mantenho minhas atividades habituais.",baixo risco
"Desde esta manhã, comecei a apresentar espirros e coriza leves, sem desconforto no peito. Por isso, mantenho minhas atividades habituais.",baixo risco
"Meu relato é de espirros e coriza leves, sem desconforto no peito, com início desde esta manhã. Na rotina, mantenho minhas atividades habituais.",baixo risco
"Percebi desde esta manhã que estava com espirros e coriza leves, sem desconforto no peito; desde então mantenho minhas atividades habituais.",baixo risco
"Sinto coceira localizada no braço, sem mal-estar desde ontem; consigo realizar a rotina normalmente.",baixo risco
"Desde ontem, comecei a apresentar coceira localizada no braço, sem mal-estar. Por isso, consigo realizar a rotina normalmente.",baixo risco
"Meu relato é de coceira localizada no braço, sem mal-estar, com início desde ontem. Na rotina, consigo realizar a rotina normalmente.",baixo risco
"Percebi desde ontem que estava com coceira localizada no braço, sem mal-estar; desde então consigo realizar a rotina normalmente.",baixo risco
"Sinto cansaço passageiro após uma noite mal dormida, sem suor frio desde cedo; melhorei após repousar.",baixo risco
"Desde cedo, comecei a apresentar cansaço passageiro após uma noite mal dormida, sem suor frio. Por isso, melhorei após repousar.",baixo risco
"Meu relato é de cansaço passageiro após uma noite mal dormida, sem suor frio, com início desde cedo. Na rotina, melhorei após repousar.",baixo risco
"Percebi desde cedo que estava com cansaço passageiro após uma noite mal dormida, sem suor frio; desde então melhorei após repousar.",baixo risco
"Sinto leve dor na perna após exercício, sem inchaço desde a corrida de ontem; caminho sem dificuldade.",baixo risco
"Desde a corrida de ontem, comecei a apresentar leve dor na perna após exercício, sem inchaço. Por isso, caminho sem dificuldade.",baixo risco
"Meu relato é de leve dor na perna após exercício, sem inchaço, com início desde a corrida de ontem. Na rotina, caminho sem dificuldade.",baixo risco
"Percebi desde a corrida de ontem que estava com leve dor na perna após exercício, sem inchaço; desde então caminho sem dificuldade.",baixo risco
"Sinto dor de cabeça leve que melhorou, sem desmaio desde o fim da tarde; voltei a estudar normalmente.",baixo risco
"Desde o fim da tarde, comecei a apresentar dor de cabeça leve que melhorou, sem desmaio. Por isso, voltei a estudar normalmente.",baixo risco
"Meu relato é de dor de cabeça leve que melhorou, sem desmaio, com início desde o fim da tarde. Na rotina, voltei a estudar normalmente.",baixo risco
"Percebi desde o fim da tarde que estava com dor de cabeça leve que melhorou, sem desmaio; desde então voltei a estudar normalmente.",baixo risco
"Sinto rouquidão discreta, sem dificuldade para respirar desde ontem; consigo conversar e trabalhar.",baixo risco
"Desde ontem, comecei a apresentar rouquidão discreta, sem dificuldade para respirar. Por isso, consigo conversar e trabalhar.",baixo risco
"Meu relato é de rouquidão discreta, sem dificuldade para respirar, com início desde ontem. Na rotina, consigo conversar e trabalhar.",baixo risco
"Percebi desde ontem que estava com rouquidão discreta, sem dificuldade para respirar; desde então consigo conversar e trabalhar.",baixo risco
"Sinto nariz entupido, sem falta de ar ou dor no peito desde esta manhã; faço minhas tarefas como sempre.",baixo risco
"Desde esta manhã, comecei a apresentar nariz entupido, sem falta de ar ou dor no peito. Por isso, faço minhas tarefas como sempre.",baixo risco
"Meu relato é de nariz entupido, sem falta de ar ou dor no peito, com início desde esta manhã. Na rotina, faço minhas tarefas como sempre.",baixo risco
"Percebi desde esta manhã que estava com nariz entupido, sem falta de ar ou dor no peito; desde então faço minhas tarefas como sempre.",baixo risco
"Sinto desconforto leve na mão após digitar, sem tontura desde ontem à noite; consigo usar o computador.",baixo risco
"Desde ontem à noite, comecei a apresentar desconforto leve na mão após digitar, sem tontura. Por isso, consigo usar o computador.",baixo risco
"Meu relato é de desconforto leve na mão após digitar, sem tontura, com início desde ontem à noite. Na rotina, consigo usar o computador.",baixo risco
"Percebi desde ontem à noite que estava com desconforto leve na mão após digitar, sem tontura; desde então consigo usar o computador.",baixo risco
"Sinto cansaço leve depois de pedalar, que cessou em repouso desde o passeio de hoje; retomei o trabalho.",baixo risco
"Desde o passeio de hoje, comecei a apresentar cansaço leve depois de pedalar, que cessou em repouso. Por isso, retomei o trabalho.",baixo risco
"Meu relato é de cansaço leve depois de pedalar, que cessou em repouso, com início desde o passeio de hoje. Na rotina, retomei o trabalho.",baixo risco
"Percebi desde o passeio de hoje que estava com cansaço leve depois de pedalar, que cessou em repouso; desde então retomei o trabalho.",baixo risco
"Sinto dor superficial no braço que aparece só ao tocar, sem suor frio desde uma pequena batida ontem; mantenho minha rotina.",baixo risco
"Desde uma pequena batida ontem, comecei a apresentar dor superficial no braço que aparece só ao tocar, sem suor frio. Por isso, mantenho minha rotina.",baixo risco
"Meu relato é de dor superficial no braço que aparece só ao tocar, sem suor frio, com início desde uma pequena batida ontem. Na rotina, mantenho minha rotina.",baixo risco
"Percebi desde uma pequena batida ontem que estava com dor superficial no braço que aparece só ao tocar, sem suor frio; desde então mantenho minha rotina.",baixo risco
"Sinto garganta irritada de forma leve, sem falta de ar desde hoje cedo; consigo comer e trabalhar.",baixo risco
"Desde hoje cedo, comecei a apresentar garganta irritada de forma leve, sem falta de ar. Por isso, consigo comer e trabalhar.",baixo risco
"Meu relato é de garganta irritada de forma leve, sem falta de ar, com início desde hoje cedo. Na rotina, consigo comer e trabalhar.",baixo risco
"Percebi desde hoje cedo que estava com garganta irritada de forma leve, sem falta de ar; desde então consigo comer e trabalhar.",baixo risco
"Sinto dor leve no pescoço ao virar a cabeça, sem dor no peito desde que dormi em posição desconfortável; faço as tarefas normalmente.",baixo risco
"Desde que dormi em posição desconfortável, comecei a apresentar dor leve no pescoço ao virar a cabeça, sem dor no peito. Por isso, faço as tarefas normalmente.",baixo risco
"Meu relato é de dor leve no pescoço ao virar a cabeça, sem dor no peito, com início desde que dormi em posição desconfortável. Na rotina, faço as tarefas normalmente.",baixo risco
"Percebi desde que dormi em posição desconfortável que estava com dor leve no pescoço ao virar a cabeça, sem dor no peito; desde então faço as tarefas normalmente.",baixo risco
"Sinto soluço breve que já passou, sem mal-estar desde o almoço; voltei às atividades normalmente.",baixo risco
"Desde o almoço, comecei a apresentar soluço breve que já passou, sem mal-estar. Por isso, voltei às atividades normalmente.",baixo risco
"Meu relato é de soluço breve que já passou, sem mal-estar, com início desde o almoço. Na rotina, voltei às atividades normalmente.",baixo risco
"Percebi desde o almoço que estava com soluço breve que já passou, sem mal-estar; desde então voltei às atividades normalmente.",baixo risco
"Sinto leve incômodo no pé depois de usar um sapato apertado, sem inchaço nas pernas desde ontem; caminho normalmente com outro calçado.",baixo risco
"Desde ontem, comecei a apresentar leve incômodo no pé depois de usar um sapato apertado, sem inchaço nas pernas. Por isso, caminho normalmente com outro calçado.",baixo risco
"Meu relato é de leve incômodo no pé depois de usar um sapato apertado, sem inchaço nas pernas, com início desde ontem. Na rotina, caminho normalmente com outro calçado.",baixo risco
"Percebi desde ontem que estava com leve incômodo no pé depois de usar um sapato apertado, sem inchaço nas pernas; desde então caminho normalmente com outro calçado.",baixo risco
"Sinto cansaço leve após estudar até tarde, sem desmaio desde hoje cedo; melhorei depois de dormir.",baixo risco
"Desde hoje cedo, comecei a apresentar cansaço leve após estudar até tarde, sem desmaio. Por isso, melhorei depois de dormir.",baixo risco
"Meu relato é de cansaço leve após estudar até tarde, sem desmaio, com início desde hoje cedo. Na rotina, melhorei depois de dormir.",baixo risco
"Percebi desde hoje cedo que estava com cansaço leve após estudar até tarde, sem desmaio; desde então melhorei depois de dormir.",baixo risco
"Sinto coceira leve no couro cabeludo, sem tontura desde anteontem; a rotina segue sem limitações.",baixo risco
"Desde anteontem, comecei a apresentar coceira leve no couro cabeludo, sem tontura. Por isso, a rotina segue sem limitações.",baixo risco
"Meu relato é de coceira leve no couro cabeludo, sem tontura, com início desde anteontem. Na rotina, a rotina segue sem limitações.",baixo risco
"Percebi desde anteontem que estava com coceira leve no couro cabeludo, sem tontura; desde então a rotina segue sem limitações.",baixo risco
"Sinto dor muscular discreta nas costas ao alongar, sem falta de ar desde o treino de ontem; continuo realizando minhas atividades.",baixo risco
"Desde o treino de ontem, comecei a apresentar dor muscular discreta nas costas ao alongar, sem falta de ar. Por isso, continuo realizando minhas atividades.",baixo risco
"Meu relato é de dor muscular discreta nas costas ao alongar, sem falta de ar, com início desde o treino de ontem. Na rotina, continuo realizando minhas atividades.",baixo risco
"Percebi desde o treino de ontem que estava com dor muscular discreta nas costas ao alongar, sem falta de ar; desde então continuo realizando minhas atividades.",baixo risco
"Sinto espirros ocasionais e lacrimejamento leve, sem dor no peito desde que varri a casa hoje; retomei a rotina sem dificuldade.",baixo risco
"Desde que varri a casa hoje, comecei a apresentar espirros ocasionais e lacrimejamento leve, sem dor no peito. Por isso, retomei a rotina sem dificuldade.",baixo risco
"Meu relato é de espirros ocasionais e lacrimejamento leve, sem dor no peito, com início desde que varri a casa hoje. Na rotina, retomei a rotina sem dificuldade.",baixo risco
"Percebi desde que varri a casa hoje que estava com espirros ocasionais e lacrimejamento leve, sem dor no peito; desde então retomei a rotina sem dificuldade.",baixo risco
Sinto dor no peito forte e suor frio persistentes há meia hora; precisei interromper o trabalho.,alto risco
"Há meia hora, comecei a apresentar dor no peito forte e suor frio persistentes. Por isso, precisei interromper o trabalho.",alto risco
"Meu relato é de dor no peito forte e suor frio persistentes, com início há meia hora. Na rotina, precisei interromper o trabalho.",alto risco
Percebi há meia hora que estava com dor no peito forte e suor frio persistentes; desde então precisei interromper o trabalho.,alto risco
Sinto falta de ar em repouso e dor no peito desde esta manhã; não consigo caminhar até a cozinha.,alto risco
"Desde esta manhã, comecei a apresentar falta de ar em repouso e dor no peito. Por isso, não consigo caminhar até a cozinha.",alto risco
"Meu relato é de falta de ar em repouso e dor no peito, com início desde esta manhã. Na rotina, não consigo caminhar até a cozinha.",alto risco
Percebi desde esta manhã que estava com falta de ar em repouso e dor no peito; desde então não consigo caminhar até a cozinha.,alto risco
Sinto aperto intenso no peito que se espalha para o braço há vinte minutos; parei de trabalhar por causa do desconforto.,alto risco
"Há vinte minutos, comecei a apresentar aperto intenso no peito que se espalha para o braço. Por isso, parei de trabalhar por causa do desconforto.",alto risco
"Meu relato é de aperto intenso no peito que se espalha para o braço, com início há vinte minutos. Na rotina, parei de trabalhar por causa do desconforto.",alto risco
Percebi há vinte minutos que estava com aperto intenso no peito que se espalha para o braço; desde então parei de trabalhar por causa do desconforto.,alto risco
Sinto dor no peito acompanhada de náusea intensa e suor frio desde cedo; não consigo manter minhas atividades.,alto risco
"Desde cedo, comecei a apresentar dor no peito acompanhada de náusea intensa e suor frio. Por isso, não consigo manter minhas atividades.",alto risco
"Meu relato é de dor no peito acompanhada de náusea intensa e suor frio, com início desde cedo. Na rotina, não consigo manter minhas atividades.",alto risco
Percebi desde cedo que estava com dor no peito acompanhada de náusea intensa e suor frio; desde então não consigo manter minhas atividades.,alto risco
Sinto falta de ar ao deitar e inchaço nas pernas que pioram há três dias; não consigo dormir deitado.,alto risco
"Há três dias, comecei a apresentar falta de ar ao deitar e inchaço nas pernas que pioram. Por isso, não consigo dormir deitado.",alto risco
"Meu relato é de falta de ar ao deitar e inchaço nas pernas que pioram, com início há três dias. Na rotina, não consigo dormir deitado.",alto risco
Percebi há três dias que estava com falta de ar ao deitar e inchaço nas pernas que pioram; desde então não consigo dormir deitado.,alto risco
Sinto cansaço intenso com falta de ar mesmo parado desde ontem; preciso parar para falar.,alto risco
"Desde ontem, comecei a apresentar cansaço intenso com falta de ar mesmo parado. Por isso, preciso parar para falar.",alto risco
"Meu relato é de cansaço intenso com falta de ar mesmo parado, com início desde ontem. Na rotina, preciso parar para falar.",alto risco
Percebi desde ontem que estava com cansaço intenso com falta de ar mesmo parado; desde então preciso parar para falar.,alto risco
Sinto desmaio seguido de dor no peito desde esta tarde; interrompi todas as tarefas.,alto risco
"Desde esta tarde, comecei a apresentar desmaio seguido de dor no peito. Por isso, interrompi todas as tarefas.",alto risco
"Meu relato é de desmaio seguido de dor no peito, com início desde esta tarde. Na rotina, interrompi todas as tarefas.",alto risco
Percebi desde esta tarde que estava com desmaio seguido de dor no peito; desde então interrompi todas as tarefas.,alto risco
Sinto pressão persistente no peito e tontura intensa há quarenta minutos; não consigo continuar caminhando.,alto risco
"Há quarenta minutos, comecei a apresentar pressão persistente no peito e tontura intensa. Por isso, não consigo continuar caminhando.",alto risco
"Meu relato é de pressão persistente no peito e tontura intensa, com início há quarenta minutos. Na rotina, não consigo continuar caminhando.",alto risco
Percebi há quarenta minutos que estava com pressão persistente no peito e tontura intensa; desde então não consigo continuar caminhando.,alto risco
Sinto dor no peito forte e falta de ar que pioram desde a madrugada; não consigo sair da cama normalmente.,alto risco
"Desde a madrugada, comecei a apresentar dor no peito forte e falta de ar que pioram. Por isso, não consigo sair da cama normalmente.",alto risco
"Meu relato é de dor no peito forte e falta de ar que pioram, com início desde a madrugada. Na rotina, não consigo sair da cama normalmente.",alto risco
Percebi desde a madrugada que estava com dor no peito forte e falta de ar que pioram; desde então não consigo sair da cama normalmente.,alto risco
Sinto inchaço nas pernas e cansaço progressivo com falta de ar há uma semana; não consigo subir poucos degraus.,alto risco
"Há uma semana, comecei a apresentar inchaço nas pernas e cansaço progressivo com falta de ar. Por isso, não consigo subir poucos degraus.",alto risco
"Meu relato é de inchaço nas pernas e cansaço progressivo com falta de ar, com início há uma semana. Na rotina, não consigo subir poucos degraus.",alto risco
Percebi há uma semana que estava com inchaço nas pernas e cansaço progressivo com falta de ar; desde então não consigo subir poucos degraus.,alto risco
Sinto suor frio e dor persistente no peito em repouso desde o almoço; precisei parar minhas atividades.,alto risco
"Desde o almoço, comecei a apresentar suor frio e dor persistente no peito em repouso. Por isso, precisei parar minhas atividades.",alto risco
"Meu relato é de suor frio e dor persistente no peito em repouso, com início desde o almoço. Na rotina, precisei parar minhas atividades.",alto risco
Percebi desde o almoço que estava com suor frio e dor persistente no peito em repouso; desde então precisei parar minhas atividades.,alto risco
"Sinto falta de ar súbita e intensa, mesmo sem dor no peito há poucos minutos; não consigo completar uma frase.",alto risco
"Há poucos minutos, comecei a apresentar falta de ar súbita e intensa, mesmo sem dor no peito. Por isso, não consigo completar uma frase.",alto risco
"Meu relato é de falta de ar súbita e intensa, mesmo sem dor no peito, com início há poucos minutos. Na rotina, não consigo completar uma frase.",alto risco
"Percebi há poucos minutos que estava com falta de ar súbita e intensa, mesmo sem dor no peito; desde então não consigo completar uma frase.",alto risco
Sinto desconforto forte no peito com dor na mandíbula desde cedo; abandonei o trabalho pelo mal-estar.,alto risco
"Desde cedo, comecei a apresentar desconforto forte no peito com dor na mandíbula. Por isso, abandonei o trabalho pelo mal-estar.",alto risco
"Meu relato é de desconforto forte no peito com dor na mandíbula, com início desde cedo. Na rotina, abandonei o trabalho pelo mal-estar.",alto risco
Percebi desde cedo que estava com desconforto forte no peito com dor na mandíbula; desde então abandonei o trabalho pelo mal-estar.,alto risco
Sinto dor no peito com sensação de desmaio há quinze minutos; não consigo ficar em pé.,alto risco
"Há quinze minutos, comecei a apresentar dor no peito com sensação de desmaio. Por isso, não consigo ficar em pé.",alto risco
"Meu relato é de dor no peito com sensação de desmaio, com início há quinze minutos. Na rotina, não consigo ficar em pé.",alto risco
Percebi há quinze minutos que estava com dor no peito com sensação de desmaio; desde então não consigo ficar em pé.,alto risco
Sinto falta de ar intensa e lábios arroxeados desde esta noite; não consigo caminhar dentro de casa.,alto risco
"Desde esta noite, comecei a apresentar falta de ar intensa e lábios arroxeados. Por isso, não consigo caminhar dentro de casa.",alto risco
"Meu relato é de falta de ar intensa e lábios arroxeados, com início desde esta noite. Na rotina, não consigo caminhar dentro de casa.",alto risco
Percebi desde esta noite que estava com falta de ar intensa e lábios arroxeados; desde então não consigo caminhar dentro de casa.,alto risco
Sinto dor forte no peito que não melhora em repouso há uma hora; não consigo realizar nenhuma tarefa.,alto risco
"Há uma hora, comecei a apresentar dor forte no peito que não melhora em repouso. Por isso, não consigo realizar nenhuma tarefa.",alto risco
"Meu relato é de dor forte no peito que não melhora em repouso, com início há uma hora. Na rotina, não consigo realizar nenhuma tarefa.",alto risco
Percebi há uma hora que estava com dor forte no peito que não melhora em repouso; desde então não consigo realizar nenhuma tarefa.,alto risco
Sinto palpitações persistentes com desmaio desde ontem à noite; interrompi a rotina por causa dos episódios.,alto risco
"Desde ontem à noite, comecei a apresentar palpitações persistentes com desmaio. Por isso, interrompi a rotina por causa dos episódios.",alto risco
"Meu relato é de palpitações persistentes com desmaio, com início desde ontem à noite. Na rotina, interrompi a rotina por causa dos episódios.",alto risco
Percebi desde ontem à noite que estava com palpitações persistentes com desmaio; desde então interrompi a rotina por causa dos episódios.,alto risco
"Sinto suor frio, náusea intensa e pressão no peito desde esta manhã; precisei interromper a caminhada.",alto risco
"Desde esta manhã, comecei a apresentar suor frio, náusea intensa e pressão no peito. Por isso, precisei interromper a caminhada.",alto risco
"Meu relato é de suor frio, náusea intensa e pressão no peito, com início desde esta manhã. Na rotina, precisei interromper a caminhada.",alto risco
"Percebi desde esta manhã que estava com suor frio, náusea intensa e pressão no peito; desde então precisei interromper a caminhada.",alto risco
Sinto falta de ar progressiva com inchaço nas pernas e cansaço intenso há quatro dias; não consigo tomar banho sem parar.,alto risco
"Há quatro dias, comecei a apresentar falta de ar progressiva com inchaço nas pernas e cansaço intenso. Por isso, não consigo tomar banho sem parar.",alto risco
"Meu relato é de falta de ar progressiva com inchaço nas pernas e cansaço intenso, com início há quatro dias. Na rotina, não consigo tomar banho sem parar.",alto risco
Percebi há quatro dias que estava com falta de ar progressiva com inchaço nas pernas e cansaço intenso; desde então não consigo tomar banho sem parar.,alto risco
Sinto dor no peito súbita acompanhada de fraqueza intensa há dez minutos; precisei sentar e parar o que fazia.,alto risco
"Há dez minutos, comecei a apresentar dor no peito súbita acompanhada de fraqueza intensa. Por isso, precisei sentar e parar o que fazia.",alto risco
"Meu relato é de dor no peito súbita acompanhada de fraqueza intensa, com início há dez minutos. Na rotina, precisei sentar e parar o que fazia.",alto risco
Percebi há dez minutos que estava com dor no peito súbita acompanhada de fraqueza intensa; desde então precisei sentar e parar o que fazia.,alto risco
