ecg_id,patient_id,strat_fold,superclass,label,source_sha256,clean_sha256,split
17722,4028.0,7,CD,1,5184c840fd5af3f0fc162838e6042857903a3401a368293ad9a7d5783e35b4fa,b0cc30bec53bf8c2b4acdf3fdec4c24cb20a923a8df2c9cfb33543899fa3b39b,train
10822,1384.0,10,CD,1,25ed99b74c9efb452fa139b7f5f8dfe48b7aaf606ab4b71dfbdd7e1eeb2897b7,2f227de20d22e6eaf8f516ed71cd79596014c6dabb5eaab5ab04678af977539d,validation
6849,15860.0,7,CD,1,3d86b876216b0147a9ac1c459c25a729ec2cf95753518751d76005cac53ff38b,4442079b70a65b585e67b7f2588cdb5130f4d70cd50996ad74fdc6cff3f05803,test
17704,7764.0,4,CD,1,52def761378c2e80e0952cbe854d4388e070ee3f9e77c588f528cf17751d1e07,3d233592ef407e33d307882eb537ed65c8e235cf51cbe9d2ffa628d04e8f3aaf,train
14833,16283.0,2,CD,1,1c54cf038d66bd5c0fb0b836c4a771ab8acedd763adb842ffc103477e675e63e,b02e131b5d014e1829eeebd0e9feac2ed1390345e93fe980bb60d38e8d101745,train
9074,19076.0,8,CD,1,7a51ebba7e78be98a437fe94b69d4b14289ebc0296b4480f414f9bd53eaf0fee,999499ea49a03fbbc67a98678cbaea16fb03c7691783ad3bc68c274a07d7fb6e,validation
17611,21515.0,3,CD,1,48d72bd0e10e591eab29de81e97d5b1cb38949bcaa476edf2d8a41a9ec1a5da2,334da98a56d0aa9fce6773f23c49009dcd75884b5ad66118b676c2a68cab494f,validation
14659,7561.0,5,CD,1,24b919595441fe5785255e2cf903b6ee199317f16eded996541a1a78e5dc715d,412bfc02fe776ac1ec620a88d9532e045c14597e3a84d47b99014b5e10ec1bce,train
4440,15343.0,7,CD,1,5707e31ad920ccffdb722dd0bed91cc29a640f7e47ae0580591062067545fe5e,f6e5671fed5329ac2fea47bd6d6670d33e4fc9c026e1153e69031e8eb0d5fa6a,test
16103,15005.0,2,CD,1,da6793e6e4ba7678d072df1c334df776af0bcb8b876902d47d7e8f361fdbab1a,35e26c9b5efb873144cd32b6419c62f1a1e8983218fbecf8ccb06d29a5f1343b,train
10780,2049.0,8,CD,1,eaa51bc53a3af0f8bda13a7db639072829fae904dceb3e10524ae2942f6a193a,fe38c186c68f99010e78a1f6bfa826125e0517dece7dff6220efbc07ac523c23,validation
169,13688.0,6,CD,1,f83b8133f3af255b02519779fbc09cb6542a7589c0fb4759461372f296515ed8,51739d50866ea7fef1536e5984551f4711f0f8264fe59e1c06aceb9c20ac564f,validation
11999,399.0,6,CD,1,a47f43d3375112e5b8ef525a7c7597fa6570981d1d1c808b149695e0d7aefab6,f498a02b8a588dcc90dceb61f88a06bfa4c0aed4e0a0848466fd1f64c1c97f59,train
10797,3600.0,8,CD,1,f7d3a284a7c3cb7d503f3eaddba6f2803970c54ea1e779fa7746abf786960e4c,26d3c8a3a102a9be09bf84c42021083f3428e89dd273ad8b7d182e293e54ff56,test
2245,2154.0,5,CD,1,e8bd61408393ee3ce08c51dae5b362f17b13716dc6b7d9a330dd8a9fc422a615,18b63b653e787aa53722753f0ab07fec6561234d4434fae02de739e2f0c708e6,train
20105,15413.0,9,CD,1,e12e5df34799b8273d774279c0ae99f03d6e0ab7be35eb6debe0dfdabc8b8f76,e23d1721ab160408715aa1a879dbc610b4ee13cf61cd5649ea74f266add58acc,train
9823,16921.0,10,CD,1,3fe3e5e04c44302e83bbb76fdfd9151e6c4319933b8ea99f0ef77d0d94ce3502,29bf14e3b5c0dc53c89f12f29ecb28e428ac7018020070b328017451f2290f65,train
16396,601.0,7,CD,1,9374fe03091e704c42d0ee953b078d4d6325ac0805b132bec0cb245c9963293f,478cca488f10256f78aa5d963b41fe0e07fe6c3d9f48cfb1d1d76cd2b09adad1,train
5191,21215.0,6,CD,1,f7609345a8f18b98fbd7377be8fbd4e9490f01d4e488851f71b0dee033b160cb,50682ba1ca4632d330d986b7dc29e97336b66181e070425f94b08eaed88dc8b4,validation
12394,472.0,6,CD,1,6392949d97d92fde5ff4c14517b17637b674b6c755102307a5a19b71336b17b8,f958ede65beecc589e694fe1166a48d5f74a37a65d092c3ca0c6a654b11fd618,train
5943,7252.0,9,CD,1,e18690225a81d5a08b386a2a64d3085fabd838ec5901c91c6052f9969de8de73,fe3b05f4c05b1b97ba770e5348f0c2cc3188a4a160d8a311ac8a3d0e19e4e230,train
15837,16712.0,2,CD,1,046d676a6e5cd51b6b040bc1d222b27e474a45c2f60f8158cbcd5d7e0768c4f6,1fa336e621940c20c6356ec688fc23acb10302ae401204df01fa29b0745d4da9,validation
15798,11257.0,10,CD,1,41684ff9cb4d5c7fc6cd20d189e7addba955d4aa4d14e01af951cad4ba258a03,b2dca3f355e95e13e9326a0b772b39c76cd850b8dbb62d2843b4768d82b5473d,validation
5920,16910.0,9,CD,1,09baa3a1380330f916e8d9cd9c16271f69b1cdc5bb4d0082b6224d5c13fc171d,1ef2861ed23420a3abafb66b682618f6425955e81f06658a22d02f31cae6aa69,train
13666,5548.0,10,HYP,1,ee9823b01cfa547cd8959bdd200b1d0ae65b8a8954e664a772d6539524ee3c5a,378950b81d4f61c2200c65b422e587bff363e3a5a240d476247f5261d5af73ad,test
4663,5941.0,9,HYP,1,1d862f11d4b8f7eccff4791be3f29fbe3838a6876b92efeb2b67795cf287ee53,36d643dcb874b2e83bbb3b74097751fb281371c35475f9bf6cade95144fd1eea,validation
5830,4565.0,10,HYP,1,b03bb5c698bf1872de47e6243d89fe9d18e0c17316912f85c4ba6e764a5f9ce7,80346601542118a973516ba369e14997b5159802613d750cf06e334695045823,train
542,17649.0,5,HYP,1,baecba4386b98343e91dd4967bb11314f1a89127a065dda52c681022ffbdcb5d,24865d40bde60be85c3b9b6eca0a66a2a632a17757fecb4e338908e5b4c69548,test
8054,1576.0,5,HYP,1,bf8cadf0542aa29505e6aee691fe14a9349e3f87397549ba2dc7a89c54cb6822,e4d9402f95c5efa9119a4f931c0ddbfebc183ded66bec4e08f945bb28d3faeaa,train
14805,9893.0,10,HYP,1,feec05c452831a6d4e8902bc2b710d506d600dbd99852cb3cb96ad354a39f800,301b00c2eb188107a3a5b7922fa0639ab7970d6d6559b4893349d1a22ced557c,validation
11873,15280.0,9,HYP,1,717d41e7f945a9945c3d2954e3c243887aa6b937e2a05ffbd85c41602e71815a,9e240a9e58d516c9cc79b2a02d737338ba81bd7ebf68e59901305f241c520df1,train
11518,16832.0,5,HYP,1,be5e70e92c9f2a9b9ca027f40066c4d59a6ee885230700915be0e017d910f1f1,1fab4f4a1d42330b1cd583fe92c5df27224923727b16c4e1eefb4a34902313ba,validation
9042,953.0,1,HYP,1,02c5b0b1ec01425faded147e49d7e5f4ccd2262d208e979b2d5bd7a45ad07216,90201811a639b569250a9bb6f47318c4cb0cf9dced5d718d4e00e395edf87eee,test
2473,4913.0,10,HYP,1,6766105f20179fa65c330128eab023669a7a902451ef53229fc824384ec5c87c,9f9546f1a70e34a61b179bdd3ed94a75719ddaf30b6d01e06eed43669bca908d,train
4297,1734.0,8,HYP,1,72c52d36ddd74696397b63eb8dd6bf8b5e376d78ebba1130b9c4108c63466f65,0c57f94f090b9cb804b312a01075ab4660ac1d0c2314a686a56c5be86879a475,train
1386,7072.0,10,HYP,1,eda4dde78c4fdb5d6b4b51ceccb3820b3947cb0928fb65de4f238642dc6fb1d9,6a47751bb230198a49688702fd773b4651b1496ab4a7dcfe1c5e223b78019f65,test
6113,7547.0,4,HYP,1,52b3189f7de8c286b6d526c92b720e4e7af9497ed349c0da57d5151f9c3cca85,d7d4948f1fcf67f83d43c776051c3ccf7951ca8ef17b539d7c7dd6053efeca6c,train
4547,316.0,10,HYP,1,dc164848d0ab0b652defe9e0a688097cefb5f594ef30e2a83567050bec3bfc9f,aee3c3c7340c9f1898f1126caacf0a322f80c5c47f42cdec43ac6728b4900958,train
12248,18931.0,9,HYP,1,82f79d6713bcedc4460ac9b95d1ce2f0c3ddf8a08b0df4130a2e2fd942876d16,120867b81d854677e95213fa45a6bd5704928fd905eba9318fd9091b3b6d4f8d,train
3512,1148.0,3,HYP,1,419afa094a26306ba952dac51daf9e3e7ea90cc725d53399574cc4752b9887a0,3b8a546d87d8893de649a49c86e4e88aac3b6be27acfd26acdebf7e9a0eefd41,train
6685,8384.0,7,HYP,1,5c064d94b5952518bfa4957629ac2b749f6ae277fe15e24b85ed2774c45f1569,6c024d99eb79a8e0fc13d06dc2ca72e0fc30541e3330a2c63a779d9131d9ae3b,validation
10816,6817.0,4,HYP,1,cfa72153f50bb41a26c79e62c5ba0f66f4809f07c81d22836b33f59f53ebb185,acaf4907b46bb54440b50d7a4fd396d829f0f7e195a7521e2fea3d2c2ce0a072,test
15931,5312.0,8,HYP,1,4f2dc0f11545fc608c55f20668262487be0de32af42eb8b8ee7fcfb54f0385c6,b786ba16e04d7e3477e6ba9dc6fa0b86e11655bad1cd9c167b25627ae02f7d93,train
11993,5166.0,1,HYP,1,ee3e40fd9c02a5a103d10e919dda1977aacfcdacd156634be06da5bb76ad8d27,132dfff7b7327df8aa7af4dc573364de78d4a17d2d57b5349b2ccbd9c5207d79,train
8385,5500.0,7,HYP,1,3d55af44726c50ab0563f44cf77a0c38957b2e41b1296ad3e78cb57a2a7cef5d,9b38b7fcb6d0923434ebc3ae11d671f4f490c66d708ddec49d5315bc1e17a151,train
15912,538.0,9,HYP,1,0fd25cbe4d08ab36a8b17dabeef69d7e6e46131c1b8ebc2c0f5410d4a8120868,24288230ecf69adbe85d5def6fbaaf2f73a243c1cc90868252d546fdbfdf0d33,test
8004,2590.0,5,HYP,1,3eff8e861008fa21aab68a9b7347fd996b40d7ea530bd6b1dd6b39ba70e48953,714a5dad4dfc15a60f9b6f93154a980703bfbee92866593f49a5b48d272b97fb,validation
5823,638.0,2,HYP,1,69afb2ab5ec010d0b4642441631743f6042ecbeded1a57322a597e6c61dc9c8a,269b0ace65a83690fac58cba35a3d4c9cdb49cbdf2b2024c18d08564fff9d704,test
1901,16011.0,10,MI,1,54f023970d0cc8304e3c70491b739a04707b70ca8119fcbc685fbf90a0019489,23bb95e29d1ee0d7051a118e3ee4855c0d9c1dd1a602d376c3e37915bfd485b7,train
2446,12655.0,8,MI,1,007c31c6816048310ef25f44ac0a51c3a69e070d3aed14a6e85953a92486181e,9fdc15f26a93a44523490eeeb6f20c5bcaf2c0db7dc1d4d516a02cb45b6b57b0,validation
3610,18375.0,10,MI,1,860652576a2edb3d64cefaf2bd9a30c1e245546c99446b62684845c9cacc8815,f643c4b888a0805406045a351da43a9db324d9f3e8d9504953ac63c8c8160ddf,train
11671,9821.0,9,MI,1,1e8b469cdeea48ef36121ce6f0d557980c57dca3ad20321e446bcb54a0cd86dc,27134cba95771cc209bde618405f658762e55e4165704781e79ebef4ddfb0c80,train
5478,17139.0,9,MI,1,222d740ad550b2fc8d1ce9b0c8ec075081ed7f6844c9387128aeca85f2f8e628,631de1902a53c35c7f21431cc9157c2b1dbbf497377d78d28b3d5ca957cf9799,test
2736,11305.0,10,MI,1,ca8b3dbab226ba41f9198f15deb1b2baf1c3fdde1ea10cac8ca01cbcf74c32ac,b51cf40f295f05cc4d08e7480ff399b6cf02e4f01a338f3cb8a59e8d599c8a37,test
1387,6493.0,7,MI,1,1b35e5a6b198f1c4f331e402f5bb016cc7995bd86584a641daec83afd75fa0cb,246ac78d9a6b97a0b13b341bbef527c17bf6e5ba4202a8b03961f562c71aaf8f,train
13562,19605.0,8,MI,1,244d36b0c444ef69689bf2a5c1b1a32441e600524705377c305c004803e799c2,e7b9e2e8282072b81d7e423b9bbadee908305dad0ee52714b6fd242304e883ee,train
11450,13067.0,3,MI,1,a2d3e8e31e78a54afa2865b91b0a1479ca51efc947f8e02a81b218fe9fad2a50,1797f75331068078d3bbaf5714b50813f1ac671209d120be69677262cb81b0c0,train
7940,2567.0,4,MI,1,66efd0416ebc247152fdc3675ec4c7ae629284b0ce3109c9e5a21febf05a554a,f28501996a5a61eb70ebaee95538f3687aea60635659a9f6c2438ab6a7bf18a1,train
12924,5906.0,8,MI,1,367faf329d0457d1156e68067a148532149b97114c52d00abe512ef5b740730b,728d37868e44a174bda22ba5543ec17237185530387b4919265802c06de38505,train
10581,6552.0,1,MI,1,93286f09bb9d68c5ae775156bfd5a854f29f4f4b10bfecfa7506c2caf71e1dcb,35868a7e2177d28eb21610a593215df6506905365d9e44fe8b9426d344a2ea43,train
15324,9654.0,2,MI,1,3e255c38655bdadb0bc8bc31917a302b540807dfabd0664f859443bd9823840b,d3a73f35841f6cc9b0b92d2cd34ff3be3a84bbe281cda6aa0e109fcc2794d699,test
19504,9142.0,4,MI,1,80bab8f85428e687d2102e0fba5d9f96b8c7b8ec61f1a723d69354293cc4dcbc,d650361556d6a3bc46d25c589a913459a06d9c419812c1b0c520cce8de8b1589,train
2562,20807.0,5,MI,1,a93316bff7f2821febcaf2dafd56df2f9983ae67462a220e3168f35dfaabfc36,46d9be6a3e95c8d6b44ed8bc2c6e82401f1e5c60d21bf02c1726851639973631,train
5957,13876.0,4,MI,1,03f3502eb579293cfd3e94f251ed680be6c37bed141f46b1023e53b76fa6df41,37a6d163abe69426b46207e77de5aeece3d5be3cd406e97763b4c1a0caaa39d8,test
14228,20251.0,2,MI,1,9a27a29ba34f7189213b847c55a759f8022a008ddb9d3ad7295788fc4b991270,a73307ac1aa8118d0c803007493dba7d9f7800991bf616ee79a570e7be10fd73,train
14557,4132.0,2,MI,1,313f39a423ed93628dd39f40e2acaf37a17fc8582968567f571483bedc3360cd,2e9ee88938b858d930b114ea66dd2f33cfe2d5d6d3c6e18668c1d8e285862fc1,train
6011,7745.0,9,MI,1,fb1e67a4951f4e1f3be209c4be04056a42845178f2a3cc9faa3ada41d2f0ea40,8a3895476665bfe2613d2f6a8fb438fba261e6ca273dabc8c156c75f41cc4baf,train
8169,19512.0,6,MI,1,0c499ec464c35b0a269032ce12960dc58cffe74376e5da7c7952d6d0dc11eb3e,531db0e7b3a4171c793ff906cc86d7f6f04a60307c73314b75a0105c11227b9e,train
5053,7240.0,2,MI,1,54c665d212e66e3d99c4df8ea08f8100545c9c4cf00066b9f6d8e002a1bfccc6,55ae522c0c152c11426856d4d27ffaeabe4e4bc7d2f342f8497061029e52e2fe,train
12857,14738.0,3,MI,1,b972539eaa35a35e8c9af6fbdc3e4ac7fb4b9c1aeb3b488c613a0a52155adf18,25a7385fc5a811919e5dc2373c7d023e2f05f330bdd05c9f600d650ddfb9f58c,test
21647,10481.0,1,MI,1,c1cfa4240990092d26f9969fa4c3072552db4b16cbcedf229dceeaa50fd7faab,9673a450a22ea46757312e533d583c527f76c4d22ee676b2795211877d50d8b6,train
13054,12352.0,5,MI,1,2bff15cce7637a6a96f10aeb23948cf479d43d2a8b8a6c1f3adc599525e3e4f5,6cff64b921b21caec569fd21b9e9d85e79d52a5cf1b3aafe42c7960111bd5fa5,train
10289,5336.0,8,NORM,0,3398ff2bd38d112f6c27b83e6937f98dd50eed8b5b5b360262bdffaea74733c6,6aca1f2bf6d0eb19378f8cd01cea8e3fec73074b531ed5a5f616ed616a068f17,train
9736,1681.0,9,NORM,0,8e70e202f0e66b2b0f0c21cfb0df3bb24a8360c573d4028f0f2d3e8799ea5529,a0acbaca932e3752b399a052c43dedef8a1ab626e445607a2bad0d2c951e7e52,train
5803,18590.0,8,NORM,0,3e790c67e5a4055a005c5334886f130cb9534934a45c2570f32c67ef2a3e1584,bf10adbb15dc85317f1f45709da9450d8a85afcd1264cfd15c2fb7ca1aa9025b,train
2982,8203.0,4,NORM,0,bffccb09738a493e4afdc5e5aec359085c9e8ccf50431843c0ee6b828caa64d4,74562a86f3e83bda42a7f6b2bb9df28dc503fd2558301912f6a95b3c4db8a054,validation
15685,2376.0,1,NORM,0,d1d8a157cf208220c8e0f31b3e508ab293bb42add2abd68d66bcfc64cc5ab7c7,8fded0169748b68a04dc17c596fa4057f9482c12425a952070ca26e34de96851,validation
13613,13951.0,7,NORM,0,5d0f16f4a166870889cdf1ffb7a066d1f4839961e2eecce46c7d870da15522ba,18ba8dffe5ce80fbdf6fb27cc69cf9c03800156dc1ac07fa8abb88d6f46e7f95,train
19313,12980.0,9,NORM,0,334a5fae2c3c433653abb09393bbbdc48d49518b59a57ee090cd44ce3788837b,bb5e499349e36dbe5ea4c5051b9f74092b74e60fdb270e1f367aa5ba1c18c0cb,train
2154,9683.0,1,NORM,0,be4c0bff252750384317c59058f2443c7aaff257b53e5ee6d81aea61173ffa96,4425f9ac9e4d663a84c025e0c823377fea6db360a6e5c449b74bcc538991efe0,train
17811,2151.0,4,NORM,0,bdffa55ee13a46efea092c6dfb976b7ea2a1e806659acbcb9da0922f15128dea,2d57294bd91e81380d07fa77ddfed5c6c981893404857f527dd89db71d967066,train
3762,7499.0,9,NORM,0,ab6c9c45810a3d4e79ea11c6a983d383384d7c530ccc395428866742b1105fc7,02e24704944156ac1bc5fd5dfe8a5e5e0fb4e76a90fa16823906c7a3d0580416,train
11908,10786.0,7,NORM,0,1dd5ff19720d988429443a8f008524bff3f9215a0b9ce18b5f3d7a66cf50f1bf,32e431567c3afa96596d5e5171b437694f9b0df1348c5941e28f90d2e89b6768,test
2680,12737.0,7,NORM,0,4f9b10f4ce70dbcf706f5e9e94a123f6277d7dc81aa8dc74d8cf7b4d6abe39e8,7f987ad36b98296de53403c938e0dc24e3047ed2c441f4461d01a13b5029752f,validation
18620,9353.0,10,NORM,0,29a21aa1217be44f0852d8524675ea3883c1a38ed1a686b0b4d2e7e8b0e2558d,cbb6ec7e7db950a7b1bd8cc95b772fbf67ea6a5d2d66e7f6f841f6bf4b801623,train
777,17731.0,3,NORM,0,5bc9c73257c10e2ed2fbcb03f5f732fc90fe428cf2749072b87469c29cab05c1,957600a1ec913fba6ebab9ff9fca623f05f937915e4b029fa9c64da61ad76c01,test
8140,13965.0,10,NORM,0,8708b6fd7c5999369344d28b28c7d2cce1269bcf7a22f20f936ee0e6b0e190b1,948d34cb0e916c0e8c30b6888d7b410464aefc2bfe294972467a8071b18c9933,train
8844,13108.0,10,NORM,0,a495ef873129a096670812dda24885531d26651f1516d64b3d2985919982f258,51c3cac74de5865f0d3454fe124ea3575ba81fd20fc39503d39c6d93ba0c6b02,train
254,7415.0,5,NORM,0,4e27c72c1da915b95fc4a0200ecffb2bcf8f21a21aaa76e09e39854732f3f966,b4f0ce6ec1823ffbce34429078b0fee7d697dc0b1ca345c0377f47e4753b1978,test
18377,7295.0,9,NORM,0,156a5943c85b7e7e831f686bb5a07c5e298c19df2ff19bb8ca79b09ec11bac60,6213ba2f591b722d1f3127fc93d6ea5030534c7946d54178a7e172b8f1be8f40,test
21539,10022.0,4,NORM,0,2be514a3dc494ab72f3c61617b2b287e7cc3db1918873e46417bafffa05c21fa,53965327b4f3171d75c742ca78e9b63549032cd961eb0778154e61ea16d513ef,validation
17859,2003.0,3,NORM,0,5c32bda72424ec87f0a2ff3ab1d24f42e76a858aad41e292a7a5177d46827d61,c0d30c0dc3e3c62292ba1388e907f59feab31c48c5d35756cb7f897a5c6382fd,validation
715,7220.0,6,NORM,0,ef9b4ba41a871dee20f6439b61d6a64098e4a2d3a75bc45f3b909d712b8a8d84,bde9cac4a70ddff4fa117d4105ee4ea08212b8b4e13dcb3a0ca42db6474b2e90,train
2046,595.0,3,NORM,0,e616c03a920f85179e89bdfad5c13fc35fbbe79088ad033d494c0a0de0a219b2,608b24bd80cdea679c5f593270de59a88c93fe217e2dda094ad0743c7934f871,test
8174,10484.0,8,NORM,0,7c3720411775a91aa5b488158cfae0853a766654ea7c002c5e959e5952212d13,e55c937b9df60fd905a47bdecc7075d10814e3284b58c66b3bded26fc9554382,train
15196,10459.0,4,NORM,0,ff03f4a00a8bbafc325ea68d62f130903b1e6a24f488a1e2ae59dd0f59b609a5,6e14b3c775774ba4ab9c43c0747ae8d727d5cf40b476e837609c89210a0fb9af,train
17977,3554.0,3,STTC,1,2f70aeee7b38d23902b036ded6018afeaed2afc1e3716417fed93f4b68f9633d,72e1653c62991ff76fec45cefe72fee0f66fc03846784363de812fa0eb426207,train
17765,661.0,5,STTC,1,be9c61001b4d4b76b0e6d4c8bb812af73ea6b2756fa4fed64d8b94e4fdd1ed78,9495d2a3fa8758a951ca4cceb3b330f34d3afdc0603050a65c42aedaefede995,validation
7864,9697.0,9,STTC,1,cd46ee27ab80e03fcfa01bcb51d1d162a00da28ef81bfade059b7111f78759d4,cb364a498987052cada6b9de9e6da26586d706466bf09e461e6a4e03054a2655,train
20776,21784.0,10,STTC,1,647ac052e424818738a9f25dc15aff949dbcd605550a0c0f4fbbe21b71612d9d,67079dbe1ef1b37d2eabba1aea83481ed0456c59651d339f2a4eef8c21ddb1da,validation
3560,12022.0,4,STTC,1,7cf118d497b220e854180eb56cc6f88b4d383a5b2b690cf63f0a40d6f8cdce6c,a2a9fe36ee493256d20771f46de0987d3e2a0733536a859d9e8b6e673f72f25b,train
14785,9799.0,1,STTC,1,6ddb5a5b668dd9675c4db97b89e1eeb89660d1551e1bb8589f3f98818162ba05,75adacb90f27611beddd28f747684431ebd6cea4d33061af57d1c05a63db78b2,train
8862,7105.0,2,STTC,1,928103acfd9994028a786ec9e4cb29d08ca40df861e06a39e80e301b66ea3eae,ac9cfaf1f2f833f01ffbd91e6b69f5c837aec7c6702530f51d673adbe863acb6,train
15071,19222.0,9,STTC,1,a715d9289803e08c05a4759b4c1b75c16a18b6ed54e8bc5af24fab245c048ee1,4de834c954b2b54cf2b66629eb8dc8150fd4ff41fec337fc11cf2dfc3ef5f7c6,test
13941,17355.0,4,STTC,1,791746301465e2dd40eb8e32a976563232af8bc19a970fabcc139119689060fb,55614953ca7573c232f5d254cd1388e35589d231546f0a3987e97b149cc7b4a7,train
1980,4164.0,1,STTC,1,990a6130ddb2806695a95b958ced5f478b8c6a004e17b4d908a416988e697dd7,ff63f4495f3232bd251e9c884f9eb50fc6f5ae8ad01faf9b2487e8e76f0b93ae,train
16915,21354.0,10,STTC,1,a3f799950c79235228ba1253564f57bc7ed15311e96ef2048b4340ac53867143,de7f534f75f2849e57adf52d8c7e1ed23c32f895b3912b00b88f7b5b31db6995,train
5006,18605.0,9,STTC,1,ea7ff72e06e4f34ed44523eba60eca4cb741bdcbb07013302f55e51b4ab0117b,b65d16c367c4e75c3216f828e26277c45095caa3ae3207fde26a17daf31b13f8,train
16101,9777.0,10,STTC,1,d48599e9eec7bc7070df0c5aaa1edb216e0c3adb46d051a310ea368698b28a1a,2600f274567555f8ef29705b2ac2d43de9e1c625edc09b08ff29233809749367,train
19836,18424.0,4,STTC,1,b67bdec8a298fe821a5730226634d35be2f1faf93bdc255e74b2441f630ca253,f6c23c7c252f678d72f30e1f2142e329b9dbe4bea06a5396cd81e92350b0e8b7,test
2401,9960.0,7,STTC,1,51b08e32ab5142a343d057a94a3889417043dd411c0a9c8fca975dbc720b3231,56047bfe018c89bef1789e7522167efd5f10de9a8dc5afe88d47d99709967b82,train
12159,1097.0,4,STTC,1,0d8e83e8e53c3db70dd0a08ee55fa043dc7f2e4906782450078e5862949549f6,4eab9af38ec0f217872c29ee800c65f84975d5cd2d4c08fdeaf78f625902cb8a,train
6956,1321.0,5,STTC,1,4913a67553c980cfee90ec564d124ad57607b23a0ae4d52b8ecb89a0c05b26b2,6a68a55a02f0811e076128d92c5c14ee3e29effb2c24363a56381554691c430a,train
12279,6258.0,4,STTC,1,746eadf3710859ca2f7b1652c6f4c96ff695514022f955b9e9b82b1d35a254f2,fab10f9095c53936fab1b64a7348beeed3f8b8754b700d6d03a60501fc5ae14e,train
6591,3210.0,4,STTC,1,84bce206cc11c73f195c1053a02c798d0caad2c8fb950bdb3f9724da10afb503,c13f4a3eb57c9593f1ca79f5429f8f3ef3ef0312c866043b03d6913fae920d28,validation
18221,4238.0,5,STTC,1,7c44ce9bf2ed10cf667db351fad9c131594429e21898a1b78672911bd6af5ad7,5630ab9813fd0d9fb7c2806cff7771febeb618eb7d084abcd67eb30686bc1019,test
4170,13823.0,5,STTC,1,06670031c9874b9637162c64572db22593c871beed7869d11379baaa14a4732e,5b7c8aa5e7e2bd3b2921854fa007c0ce87a224b51bcde9e53f29fb7a8d2a550e,validation
2276,7835.0,4,STTC,1,de636ef3eab3865b0a9859ceecb220717ba29d2deea2369cac5a16a8ab0a762d,1405353ccfebadebe93742a6a68fc56228a1c6788983047b4bec498eea31fbad,validation
5997,638.0,2,STTC,1,c735d8b3c891d620c5cdb39ee5832adb2df8aded5aa7e2d05b4742a34e78e39e,cab69d46fd0e6c2fcd74991c5dba70bcc6e18987dbf9117420813450c16c61e7,test
10304,10692.0,1,STTC,1,091fdf7d24fb8b9667c5670dfc76124b34f47135dc1bb4c73e86f7d3c3348c31,b6eb2556a0908e29c1091d4dc4d500d0b5cd37e038b3a0f2c7e38fb6386b65c9,train
