ecg_id,patient_id,strat_fold,scp_codes
169,13688.0,6,"{'IRBBB': 100.0, 'SR': 0.0}"
254,7415.0,5,"{'NORM': 100.0, 'SR': 0.0}"
542,17649.0,5,"{'LVH': 100.0, 'SR': 0.0}"
715,7220.0,6,"{'NORM': 50.0, 'PVC': 100.0, 'SR': 0.0}"
777,17731.0,3,"{'NORM': 100.0, 'SR': 0.0}"
1386,7072.0,10,"{'LVH': 15.0, 'SR': 0.0}"
1387,6493.0,7,"{'ASMI': 100.0, 'IMI': 15.0}"
1901,16011.0,10,"{'ASMI': 80.0, 'ABQRS': 0.0, 'AFIB': 0.0}"
1980,4164.0,1,"{'ISCIN': 80.0, 'SR': 0.0}"
2046,595.0,3,"{'NORM': 80.0, 'PAC': 0.0, 'SR': 0.0}"
2154,9683.0,1,"{'NORM': 80.0, 'SBRAD': 0.0}"
2245,2154.0,5,"{'CLBBB': 100.0, 'AFIB': 0.0}"
2276,7835.0,4,"{'ISCAL': 100.0, 'PAC': 0.0, 'STD_': 0.0, 'SARRH': 0.0}"
2401,9960.0,7,{'NST_': 100.0}
2446,12655.0,8,"{'ALMI': 100.0, 'ASMI': 100.0, 'ABQRS': 0.0, 'AFIB': 0.0}"
2473,4913.0,10,"{'LVH': 15.0, 'VCLVH': 0.0, 'SR': 0.0}"
2562,20807.0,5,"{'ASMI': 100.0, 'SR': 0.0}"
2680,12737.0,7,"{'NORM': 100.0, 'SR': 0.0}"
2736,11305.0,10,"{'IMI': 35.0, 'SR': 0.0}"
2982,8203.0,4,"{'NORM': 100.0, 'SR': 0.0}"
3512,1148.0,3,"{'LVH': 35.0, 'VCLVH': 0.0, 'SR': 0.0}"
3560,12022.0,4,"{'NDT': 100.0, 'SR': 0.0}"
3610,18375.0,10,"{'IMI': 50.0, 'ABQRS': 0.0, 'SR': 0.0}"
3762,7499.0,9,"{'NORM': 100.0, 'SR': 0.0}"
4170,13823.0,5,"{'NDT': 100.0, 'STACH': 0.0}"
4297,1734.0,8,"{'LVH': 15.0, 'STD_': 0.0, 'SR': 0.0}"
4440,15343.0,7,"{'1AVB': 100.0, 'SR': 0.0}"
4547,316.0,10,"{'LVH': 50.0, 'SR': 0.0}"
4663,5941.0,9,"{'LVH': 80.0, 'SR': 0.0}"
5006,18605.0,9,"{'NDT': 100.0, 'SR': 0.0}"
5053,7240.0,2,{'IPLMI': 100.0}
5191,21215.0,6,"{'CLBBB': 100.0, 'SR': 0.0}"
5478,17139.0,9,"{'IMI': 50.0, 'ABQRS': 0.0, 'SR': 0.0}"
5803,18590.0,8,"{'NORM': 100.0, 'SR': 0.0}"
5823,638.0,2,"{'LVH': 35.0, 'NT_': 0.0, 'VCLVH': 0.0, 'SR': 0.0}"
5830,4565.0,10,"{'LVH': 100.0, 'SEHYP': 100.0, 'SR': 0.0}"
5920,16910.0,9,"{'CLBBB': 100.0, '1AVB': 100.0, 'SR': 0.0}"
5943,7252.0,9,"{'IRBBB': 100.0, 'PAC': 0.0, 'SBRAD': 0.0}"
5957,13876.0,4,"{'ASMI': 100.0, 'IMI': 15.0, 'QWAVE': 0.0, 'SR': 0.0}"
5997,638.0,2,"{'EL': 50.0, 'PAC': 0.0, 'SR': 0.0}"
6011,7745.0,9,"{'ILMI': 100.0, 'ASMI': 100.0, 'SR': 0.0}"
6113,7547.0,4,"{'LVH': 35.0, 'VCLVH': 0.0, 'SR': 0.0}"
6591,3210.0,4,"{'LNGQT': 80.0, 'EL': 50.0, 'LOWT': 0.0, 'SR': 0.0}"
6685,8384.0,7,"{'LAO/LAE': 100.0, 'SR': 0.0}"
6849,15860.0,7,"{'IRBBB': 100.0, '1AVB': 100.0, 'SR': 0.0}"
6956,1321.0,5,"{'NST_': 100.0, 'STD_': 0.0, 'AFIB': 0.0}"
7864,9697.0,9,"{'NDT': 100.0, 'SR': 0.0}"
7940,2567.0,4,"{'ASMI': 50.0, 'SR': 0.0}"
8004,2590.0,5,"{'LVH': 50.0, 'VCLVH': 0.0, 'STD_': 0.0, 'SR': 0.0}"
8054,1576.0,5,"{'LVH': 50.0, 'VCLVH': 0.0, 'SR': 0.0}"
8140,13965.0,10,{'NORM': 100.0}
8169,19512.0,6,"{'IPLMI': 50.0, 'AFIB': 0.0}"
8174,10484.0,8,"{'NORM': 80.0, 'SR': 0.0}"
8385,5500.0,7,"{'LVH': 35.0, 'VCLVH': 0.0, 'STACH': 0.0}"
8844,13108.0,10,"{'NORM': 100.0, 'SR': 0.0}"
8862,7105.0,2,"{'NDT': 100.0, 'SR': 0.0}"
9042,953.0,1,"{'LVH': 15.0, 'VCLVH': 0.0, 'SR': 0.0}"
9074,19076.0,8,"{'IRBBB': 80.0, 'SR': 0.0}"
9736,1681.0,9,"{'NORM': 100.0, 'SR': 0.0}"
9823,16921.0,10,"{'WPW': 100.0, 'SR': 0.0}"
10289,5336.0,8,"{'NORM': 100.0, 'SR': 0.0}"
10304,10692.0,1,"{'NST_': 100.0, 'AFIB': 0.0}"
10581,6552.0,1,"{'ASMI': 50.0, 'SR': 0.0}"
10780,2049.0,8,"{'LAFB': 100.0, 'SR': 0.0}"
10797,3600.0,8,"{'LAFB': 100.0, 'IRBBB': 100.0, 'SR': 0.0}"
10816,6817.0,4,"{'LVH': 15.0, 'VCLVH': 0.0, 'SR': 0.0}"
10822,1384.0,10,"{'WPW': 50.0, 'SR': 0.0, 'SARRH': 0.0}"
11450,13067.0,3,"{'IMI': 50.0, 'LMI': 50.0, 'ABQRS': 0.0, 'STACH': 0.0}"
11518,16832.0,5,"{'LVH': 100.0, 'SR': 0.0}"
11671,9821.0,9,"{'AMI': 15.0, 'ABQRS': 0.0, 'SR': 0.0}"
11873,15280.0,9,{'LVH': 15.0}
11908,10786.0,7,"{'NORM': 100.0, 'SR': 0.0}"
11993,5166.0,1,"{'LVH': 50.0, 'PAC': 0.0, 'VCLVH': 0.0, 'SR': 0.0}"
11999,399.0,6,"{'LAFB': 100.0, 'PVC': 100.0, 'LPR': 0.0, 'SR': 0.0}"
12159,1097.0,4,"{'NDT': 100.0, 'NT_': 0.0, 'SR': 0.0}"
12248,18931.0,9,"{'LVH': 50.0, 'VCLVH': 0.0, 'SR': 0.0}"
12279,6258.0,4,"{'ISCAL': 50.0, 'PAC': 0.0, 'INVT': 0.0, 'STD_': 0.0, 'SR': 0.0}"
12394,472.0,6,"{'CRBBB': 100.0, 'AFIB': 0.0}"
12857,14738.0,3,"{'AMI': 100.0, 'PVC': 100.0, 'SR': 0.0, 'BIGU': 0.0}"
12924,5906.0,8,"{'IMI': 50.0, 'PVC': 0.0, 'SR': 0.0}"
13054,12352.0,5,"{'IMI': 100.0, 'ASMI': 100.0, 'ABQRS': 0.0, 'SR': 0.0}"
13562,19605.0,8,"{'IMI': 100.0, 'INJAL': 100.0, 'ABQRS': 0.0, 'SR': 0.0}"
13613,13951.0,7,"{'NORM': 100.0, 'SR': 0.0}"
13666,5548.0,10,"{'LVH': 35.0, 'VCLVH': 0.0, 'SR': 0.0}"
13941,17355.0,4,"{'NDT': 100.0, 'SR': 0.0}"
14228,20251.0,2,"{'ASMI': 100.0, 'ABQRS': 0.0, 'SR': 0.0}"
14557,4132.0,2,"{'AMI': 50.0, 'IMI': 50.0, 'SR': 0.0}"
14659,7561.0,5,"{'LAFB': 100.0, 'SR': 0.0}"
14785,9799.0,1,"{'NDT': 100.0, 'SR': 0.0}"
14805,9893.0,10,"{'LVH': 35.0, 'VCLVH': 0.0, 'SBRAD': 0.0}"
14833,16283.0,2,"{'IVCD': 100.0, 'SBRAD': 0.0}"
15071,19222.0,9,"{'NDT': 100.0, 'SR': 0.0}"
15196,10459.0,4,"{'NORM': 100.0, 'SARRH': 0.0}"
15324,9654.0,2,"{'ASMI': 100.0, 'ABQRS': 0.0, 'SR': 0.0}"
15685,2376.0,1,"{'NORM': 100.0, 'SR': 0.0}"
15798,11257.0,10,"{'CLBBB': 100.0, 'SR': 0.0}"
15837,16712.0,2,"{'LAFB': 100.0, 'SR': 0.0}"
15912,538.0,9,"{'LVH': 50.0, 'PVC': 100.0, 'VCLVH': 0.0, 'STD_': 0.0, 'SR': 0.0}"
15931,5312.0,8,"{'LVH': 35.0, 'VCLVH': 0.0, 'SR': 0.0}"
16101,9777.0,10,"{'EL': 100.0, 'SR': 0.0}"
16103,15005.0,2,"{'IRBBB': 100.0, 'ABQRS': 0.0, 'SR': 0.0}"
16396,601.0,7,"{'CRBBB': 100.0, 'SR': 0.0}"
16915,21354.0,10,"{'ISCIN': 100.0, 'SR': 0.0}"
17611,21515.0,3,"{'CRBBB': 100.0, 'LAFB': 100.0, 'PVC': 100.0}"
17704,7764.0,4,"{'IRBBB': 100.0, 'SR': 0.0}"
17722,4028.0,7,"{'IRBBB': 100.0, 'SARRH': 0.0}"
17765,661.0,5,"{'NDT': 100.0, 'SARRH': 0.0}"
17811,2151.0,4,"{'NORM': 100.0, 'SR': 0.0}"
17859,2003.0,3,"{'NORM': 100.0, 'SR': 0.0}"
17977,3554.0,3,"{'NST_': 100.0, 'SR': 0.0}"
18221,4238.0,5,"{'NDT': 100.0, 'PAC': 0.0, 'NT_': 0.0, 'SR': 0.0}"
18377,7295.0,9,"{'NORM': 50.0, 'SARRH': 0.0}"
18620,9353.0,10,"{'NORM': 80.0, 'SR': 0.0}"
19313,12980.0,9,"{'NORM': 100.0, 'SBRAD': 0.0}"
19504,9142.0,4,"{'IMI': 50.0, 'ABQRS': 0.0, 'SR': 0.0}"
19836,18424.0,4,"{'NST_': 100.0, 'AFIB': 0.0}"
20105,15413.0,9,"{'LAFB': 100.0, 'SR': 0.0}"
20776,21784.0,10,"{'NDT': 100.0, 'SR': 0.0}"
21539,10022.0,4,"{'NORM': 100.0, 'SR': 0.0}"
21647,10481.0,1,"{'IMI': 100.0, 'PVC': 100.0, 'ABQRS': 0.0, 'AFIB': 0.0}"
