frase_id,grupo,cenario,frase,situacao,particao
f001,g01,"Cenário sintético 01: cansaço leve que passou após descansar, sem dor no peito","Sinto cansaço leve que passou após descansar, sem dor no peito depois da caminhada de ontem; retomei as tarefas normalmente.",baixo risco,validacao
f002,g01,"Cenário sintético 01: cansaço leve que passou após descansar, sem dor no peito","Depois da caminhada de ontem, comecei a apresentar cansaço leve que passou após descansar, sem dor no peito. Por isso, retomei as tarefas normalmente.",baixo risco,validacao
f003,g01,"Cenário sintético 01: cansaço leve que passou após descansar, sem dor no peito","Meu relato é de cansaço leve que passou após descansar, sem dor no peito, com início depois da caminhada de ontem. Na rotina, retomei as tarefas normalmente.",baixo risco,validacao
f004,g01,"Cenário sintético 01: cansaço leve que passou após descansar, sem dor no peito","Percebi depois da caminhada de ontem que estava com cansaço leve que passou após descansar, sem dor no peito; desde então retomei as tarefas normalmente.",baixo risco,validacao
f005,g02,"Cenário sintético 02: dor muscular leve no ombro ao mover o braço, sem falta de ar","Sinto dor muscular leve no ombro ao mover o braço, sem falta de ar após carregar caixas ontem; consigo trabalhar normalmente.",baixo risco,teste
f006,g02,"Cenário sintético 02: dor muscular leve no ombro ao mover o braço, sem falta de ar","Após carregar caixas ontem, comecei a apresentar dor muscular leve no ombro ao mover o braço, sem falta de ar. Por isso, consigo trabalhar normalmente.",baixo risco,teste
f007,g02,"Cenário sintético 02: dor muscular leve no ombro ao mover o braço, sem falta de ar","Meu relato é de dor muscular leve no ombro ao mover o braço, sem falta de ar, com início após carregar caixas ontem. Na rotina, consigo trabalhar normalmente.",baixo risco,teste
f008,g02,"Cenário sintético 02: dor muscular leve no ombro ao mover o braço, sem falta de ar","Percebi após carregar caixas ontem que estava com dor muscular leve no ombro ao mover o braço, sem falta de ar; desde então consigo trabalhar normalmente.",baixo risco,teste
f009,g03,"Cenário sintético 03: espirros e coriza leves, sem desconforto no peito","Sinto espirros e coriza leves, sem desconforto no peito desde esta manhã; mantenho minhas atividades habituais.",baixo risco,treino
f010,g03,"Cenário sintético 03: espirros e coriza leves, sem desconforto no peito","Desde esta manhã, comecei a apresentar espirros e coriza leves, sem desconforto no peito. Por isso, mantenho minhas atividades habituais.",baixo risco,treino
f011,g03,"Cenário sintético 03: espirros e coriza leves, sem desconforto no peito","Meu relato é de espirros e coriza leves, sem desconforto no peito, com início desde esta manhã. Na rotina, mantenho minhas atividades habituais.",baixo risco,treino
f012,g03,"Cenário sintético 03: espirros e coriza leves, sem desconforto no peito","Percebi desde esta manhã que estava com espirros e coriza leves, sem desconforto no peito; desde então mantenho minhas atividades habituais.",baixo risco,treino
f013,g04,"Cenário sintético 04: coceira localizada no braço, sem mal-estar","Sinto coceira localizada no braço, sem mal-estar desde ontem; consigo realizar a rotina normalmente.",baixo risco,treino
f014,g04,"Cenário sintético 04: coceira localizada no braço, sem mal-estar","Desde ontem, comecei a apresentar coceira localizada no braço, sem mal-estar. Por isso, consigo realizar a rotina normalmente.",baixo risco,treino
f015,g04,"Cenário sintético 04: coceira localizada no braço, sem mal-estar","Meu relato é de coceira localizada no braço, sem mal-estar, com início desde ontem. Na rotina, consigo realizar a rotina normalmente.",baixo risco,treino
f016,g04,"Cenário sintético 04: coceira localizada no braço, sem mal-estar","Percebi desde ontem que estava com coceira localizada no braço, sem mal-estar; desde então consigo realizar a rotina normalmente.",baixo risco,treino
f017,g05,"Cenário sintético 05: cansaço passageiro após uma noite mal dormida, sem suor frio","Sinto cansaço passageiro após uma noite mal dormida, sem suor frio desde cedo; melhorei após repousar.",baixo risco,treino
f018,g05,"Cenário sintético 05: cansaço passageiro após uma noite mal dormida, sem suor frio","Desde cedo, comecei a apresentar cansaço passageiro após uma noite mal dormida, sem suor frio. Por isso, melhorei após repousar.",baixo risco,treino
f019,g05,"Cenário sintético 05: cansaço passageiro após uma noite mal dormida, sem suor frio","Meu relato é de cansaço passageiro após uma noite mal dormida, sem suor frio, com início desde cedo. Na rotina, melhorei após repousar.",baixo risco,treino
f020,g05,"Cenário sintético 05: cansaço passageiro após uma noite mal dormida, sem suor frio","Percebi desde cedo que estava com cansaço passageiro após uma noite mal dormida, sem suor frio; desde então melhorei após repousar.",baixo risco,treino
f021,g06,"Cenário sintético 06: leve dor na perna após exercício, sem inchaço","Sinto leve dor na perna após exercício, sem inchaço desde a corrida de ontem; caminho sem dificuldade.",baixo risco,treino
f022,g06,"Cenário sintético 06: leve dor na perna após exercício, sem inchaço","Desde a corrida de ontem, comecei a apresentar leve dor na perna após exercício, sem inchaço. Por isso, caminho sem dificuldade.",baixo risco,treino
f023,g06,"Cenário sintético 06: leve dor na perna após exercício, sem inchaço","Meu relato é de leve dor na perna após exercício, sem inchaço, com início desde a corrida de ontem. Na rotina, caminho sem dificuldade.",baixo risco,treino
f024,g06,"Cenário sintético 06: leve dor na perna após exercício, sem inchaço","Percebi desde a corrida de ontem que estava com leve dor na perna após exercício, sem inchaço; desde então caminho sem dificuldade.",baixo risco,treino
f025,g07,"Cenário sintético 07: dor de cabeça leve que melhorou, sem desmaio","Sinto dor de cabeça leve que melhorou, sem desmaio desde o fim da tarde; voltei a estudar normalmente.",baixo risco,treino
f026,g07,"Cenário sintético 07: dor de cabeça leve que melhorou, sem desmaio","Desde o fim da tarde, comecei a apresentar dor de cabeça leve que melhorou, sem desmaio. Por isso, voltei a estudar normalmente.",baixo risco,treino
f027,g07,"Cenário sintético 07: dor de cabeça leve que melhorou, sem desmaio","Meu relato é de dor de cabeça leve que melhorou, sem desmaio, com início desde o fim da tarde. Na rotina, voltei a estudar normalmente.",baixo risco,treino
f028,g07,"Cenário sintético 07: dor de cabeça leve que melhorou, sem desmaio","Percebi desde o fim da tarde que estava com dor de cabeça leve que melhorou, sem desmaio; desde então voltei a estudar normalmente.",baixo risco,treino
f029,g08,"Cenário sintético 08: rouquidão discreta, sem dificuldade para respirar","Sinto rouquidão discreta, sem dificuldade para respirar desde ontem; consigo conversar e trabalhar.",baixo risco,treino
f030,g08,"Cenário sintético 08: rouquidão discreta, sem dificuldade para respirar","Desde ontem, comecei a apresentar rouquidão discreta, sem dificuldade para respirar. Por isso, consigo conversar e trabalhar.",baixo risco,treino
f031,g08,"Cenário sintético 08: rouquidão discreta, sem dificuldade para respirar","Meu relato é de rouquidão discreta, sem dificuldade para respirar, com início desde ontem. Na rotina, consigo conversar e trabalhar.",baixo risco,treino
f032,g08,"Cenário sintético 08: rouquidão discreta, sem dificuldade para respirar","Percebi desde ontem que estava com rouquidão discreta, sem dificuldade para respirar; desde então consigo conversar e trabalhar.",baixo risco,treino
f033,g09,"Cenário sintético 09: nariz entupido, sem falta de ar ou dor no peito","Sinto nariz entupido, sem falta de ar ou dor no peito desde esta manhã; faço minhas tarefas como sempre.",baixo risco,validacao
f034,g09,"Cenário sintético 09: nariz entupido, sem falta de ar ou dor no peito","Desde esta manhã, comecei a apresentar nariz entupido, sem falta de ar ou dor no peito. Por isso, faço minhas tarefas como sempre.",baixo risco,validacao
f035,g09,"Cenário sintético 09: nariz entupido, sem falta de ar ou dor no peito","Meu relato é de nariz entupido, sem falta de ar ou dor no peito, com início desde esta manhã. Na rotina, faço minhas tarefas como sempre.",baixo risco,validacao
f036,g09,"Cenário sintético 09: nariz entupido, sem falta de ar ou dor no peito","Percebi desde esta manhã que estava com nariz entupido, sem falta de ar ou dor no peito; desde então faço minhas tarefas como sempre.",baixo risco,validacao
f037,g10,"Cenário sintético 10: desconforto leve na mão após digitar, sem tontura","Sinto desconforto leve na mão após digitar, sem tontura desde ontem à noite; consigo usar o computador.",baixo risco,treino
f038,g10,"Cenário sintético 10: desconforto leve na mão após digitar, sem tontura","Desde ontem à noite, comecei a apresentar desconforto leve na mão após digitar, sem tontura. Por isso, consigo usar o computador.",baixo risco,treino
f039,g10,"Cenário sintético 10: desconforto leve na mão após digitar, sem tontura","Meu relato é de desconforto leve na mão após digitar, sem tontura, com início desde ontem à noite. Na rotina, consigo usar o computador.",baixo risco,treino
f040,g10,"Cenário sintético 10: desconforto leve na mão após digitar, sem tontura","Percebi desde ontem à noite que estava com desconforto leve na mão após digitar, sem tontura; desde então consigo usar o computador.",baixo risco,treino
f041,g11,"Cenário sintético 11: cansaço leve depois de pedalar, que cessou em repouso","Sinto cansaço leve depois de pedalar, que cessou em repouso desde o passeio de hoje; retomei o trabalho.",baixo risco,validacao
f042,g11,"Cenário sintético 11: cansaço leve depois de pedalar, que cessou em repouso","Desde o passeio de hoje, comecei a apresentar cansaço leve depois de pedalar, que cessou em repouso. Por isso, retomei o trabalho.",baixo risco,validacao
f043,g11,"Cenário sintético 11: cansaço leve depois de pedalar, que cessou em repouso","Meu relato é de cansaço leve depois de pedalar, que cessou em repouso, com início desde o passeio de hoje. Na rotina, retomei o trabalho.",baixo risco,validacao
f044,g11,"Cenário sintético 11: cansaço leve depois de pedalar, que cessou em repouso","Percebi desde o passeio de hoje que estava com cansaço leve depois de pedalar, que cessou em repouso; desde então retomei o trabalho.",baixo risco,validacao
f045,g12,"Cenário sintético 12: dor superficial no braço que aparece só ao tocar, sem suor frio","Sinto dor superficial no braço que aparece só ao tocar, sem suor frio desde uma pequena batida ontem; mantenho minha rotina.",baixo risco,teste
f046,g12,"Cenário sintético 12: dor superficial no braço que aparece só ao tocar, sem suor frio","Desde uma pequena batida ontem, comecei a apresentar dor superficial no braço que aparece só ao tocar, sem suor frio. Por isso, mantenho minha rotina.",baixo risco,teste
f047,g12,"Cenário sintético 12: dor superficial no braço que aparece só ao tocar, sem suor frio","Meu relato é de dor superficial no braço que aparece só ao tocar, sem suor frio, com início desde uma pequena batida ontem. Na rotina, mantenho minha rotina.",baixo risco,teste
f048,g12,"Cenário sintético 12: dor superficial no braço que aparece só ao tocar, sem suor frio","Percebi desde uma pequena batida ontem que estava com dor superficial no braço que aparece só ao tocar, sem suor frio; desde então mantenho minha rotina.",baixo risco,teste
f049,g13,"Cenário sintético 13: garganta irritada de forma leve, sem falta de ar","Sinto garganta irritada de forma leve, sem falta de ar desde hoje cedo; consigo comer e trabalhar.",baixo risco,treino
f050,g13,"Cenário sintético 13: garganta irritada de forma leve, sem falta de ar","Desde hoje cedo, comecei a apresentar garganta irritada de forma leve, sem falta de ar. Por isso, consigo comer e trabalhar.",baixo risco,treino
f051,g13,"Cenário sintético 13: garganta irritada de forma leve, sem falta de ar","Meu relato é de garganta irritada de forma leve, sem falta de ar, com início desde hoje cedo. Na rotina, consigo comer e trabalhar.",baixo risco,treino
f052,g13,"Cenário sintético 13: garganta irritada de forma leve, sem falta de ar","Percebi desde hoje cedo que estava com garganta irritada de forma leve, sem falta de ar; desde então consigo comer e trabalhar.",baixo risco,treino
f053,g14,"Cenário sintético 14: dor leve no pescoço ao virar a cabeça, sem dor no peito","Sinto dor leve no pescoço ao virar a cabeça, sem dor no peito desde que dormi em posição desconfortável; faço as tarefas normalmente.",baixo risco,teste
f054,g14,"Cenário sintético 14: dor leve no pescoço ao virar a cabeça, sem dor no peito","Desde que dormi em posição desconfortável, comecei a apresentar dor leve no pescoço ao virar a cabeça, sem dor no peito. Por isso, faço as tarefas normalmente.",baixo risco,teste
f055,g14,"Cenário sintético 14: dor leve no pescoço ao virar a cabeça, sem dor no peito","Meu relato é de dor leve no pescoço ao virar a cabeça, sem dor no peito, com início desde que dormi em posição desconfortável. Na rotina, faço as tarefas normalmente.",baixo risco,teste
f056,g14,"Cenário sintético 14: dor leve no pescoço ao virar a cabeça, sem dor no peito","Percebi desde que dormi em posição desconfortável que estava com dor leve no pescoço ao virar a cabeça, sem dor no peito; desde então faço as tarefas normalmente.",baixo risco,teste
f057,g15,"Cenário sintético 15: soluço breve que já passou, sem mal-estar","Sinto soluço breve que já passou, sem mal-estar desde o almoço; voltei às atividades normalmente.",baixo risco,treino
f058,g15,"Cenário sintético 15: soluço breve que já passou, sem mal-estar","Desde o almoço, comecei a apresentar soluço breve que já passou, sem mal-estar. Por isso, voltei às atividades normalmente.",baixo risco,treino
f059,g15,"Cenário sintético 15: soluço breve que já passou, sem mal-estar","Meu relato é de soluço breve que já passou, sem mal-estar, com início desde o almoço. Na rotina, voltei às atividades normalmente.",baixo risco,treino
f060,g15,"Cenário sintético 15: soluço breve que já passou, sem mal-estar","Percebi desde o almoço que estava com soluço breve que já passou, sem mal-estar; desde então voltei às atividades normalmente.",baixo risco,treino
f061,g16,"Cenário sintético 16: leve incômodo no pé depois de usar um sapato apertado, sem inchaço nas pernas","Sinto leve incômodo no pé depois de usar um sapato apertado, sem inchaço nas pernas desde ontem; caminho normalmente com outro calçado.",baixo risco,treino
f062,g16,"Cenário sintético 16: leve incômodo no pé depois de usar um sapato apertado, sem inchaço nas pernas","Desde ontem, comecei a apresentar leve incômodo no pé depois de usar um sapato apertado, sem inchaço nas pernas. Por isso, caminho normalmente com outro calçado.",baixo risco,treino
f063,g16,"Cenário sintético 16: leve incômodo no pé depois de usar um sapato apertado, sem inchaço nas pernas","Meu relato é de leve incômodo no pé depois de usar um sapato apertado, sem inchaço nas pernas, com início desde ontem. Na rotina, caminho normalmente com outro calçado.",baixo risco,treino
f064,g16,"Cenário sintético 16: leve incômodo no pé depois de usar um sapato apertado, sem inchaço nas pernas","Percebi desde ontem que estava com leve incômodo no pé depois de usar um sapato apertado, sem inchaço nas pernas; desde então caminho normalmente com outro calçado.",baixo risco,treino
f065,g17,"Cenário sintético 17: cansaço leve após estudar até tarde, sem desmaio","Sinto cansaço leve após estudar até tarde, sem desmaio desde hoje cedo; melhorei depois de dormir.",baixo risco,treino
f066,g17,"Cenário sintético 17: cansaço leve após estudar até tarde, sem desmaio","Desde hoje cedo, comecei a apresentar cansaço leve após estudar até tarde, sem desmaio. Por isso, melhorei depois de dormir.",baixo risco,treino
f067,g17,"Cenário sintético 17: cansaço leve após estudar até tarde, sem desmaio","Meu relato é de cansaço leve após estudar até tarde, sem desmaio, com início desde hoje cedo. Na rotina, melhorei depois de dormir.",baixo risco,treino
f068,g17,"Cenário sintético 17: cansaço leve após estudar até tarde, sem desmaio","Percebi desde hoje cedo que estava com cansaço leve após estudar até tarde, sem desmaio; desde então melhorei depois de dormir.",baixo risco,treino
f069,g18,"Cenário sintético 18: coceira leve no couro cabeludo, sem tontura","Sinto coceira leve no couro cabeludo, sem tontura desde anteontem; a rotina segue sem limitações.",baixo risco,teste
f070,g18,"Cenário sintético 18: coceira leve no couro cabeludo, sem tontura","Desde anteontem, comecei a apresentar coceira leve no couro cabeludo, sem tontura. Por isso, a rotina segue sem limitações.",baixo risco,teste
f071,g18,"Cenário sintético 18: coceira leve no couro cabeludo, sem tontura","Meu relato é de coceira leve no couro cabeludo, sem tontura, com início desde anteontem. Na rotina, a rotina segue sem limitações.",baixo risco,teste
f072,g18,"Cenário sintético 18: coceira leve no couro cabeludo, sem tontura","Percebi desde anteontem que estava com coceira leve no couro cabeludo, sem tontura; desde então a rotina segue sem limitações.",baixo risco,teste
f073,g19,"Cenário sintético 19: dor muscular discreta nas costas ao alongar, sem falta de ar","Sinto dor muscular discreta nas costas ao alongar, sem falta de ar desde o treino de ontem; continuo realizando minhas atividades.",baixo risco,validacao
f074,g19,"Cenário sintético 19: dor muscular discreta nas costas ao alongar, sem falta de ar","Desde o treino de ontem, comecei a apresentar dor muscular discreta nas costas ao alongar, sem falta de ar. Por isso, continuo realizando minhas atividades.",baixo risco,validacao
f075,g19,"Cenário sintético 19: dor muscular discreta nas costas ao alongar, sem falta de ar","Meu relato é de dor muscular discreta nas costas ao alongar, sem falta de ar, com início desde o treino de ontem. Na rotina, continuo realizando minhas atividades.",baixo risco,validacao
f076,g19,"Cenário sintético 19: dor muscular discreta nas costas ao alongar, sem falta de ar","Percebi desde o treino de ontem que estava com dor muscular discreta nas costas ao alongar, sem falta de ar; desde então continuo realizando minhas atividades.",baixo risco,validacao
f077,g20,"Cenário sintético 20: espirros ocasionais e lacrimejamento leve, sem dor no peito","Sinto espirros ocasionais e lacrimejamento leve, sem dor no peito desde que varri a casa hoje; retomei a rotina sem dificuldade.",baixo risco,treino
f078,g20,"Cenário sintético 20: espirros ocasionais e lacrimejamento leve, sem dor no peito","Desde que varri a casa hoje, comecei a apresentar espirros ocasionais e lacrimejamento leve, sem dor no peito. Por isso, retomei a rotina sem dificuldade.",baixo risco,treino
f079,g20,"Cenário sintético 20: espirros ocasionais e lacrimejamento leve, sem dor no peito","Meu relato é de espirros ocasionais e lacrimejamento leve, sem dor no peito, com início desde que varri a casa hoje. Na rotina, retomei a rotina sem dificuldade.",baixo risco,treino
f080,g20,"Cenário sintético 20: espirros ocasionais e lacrimejamento leve, sem dor no peito","Percebi desde que varri a casa hoje que estava com espirros ocasionais e lacrimejamento leve, sem dor no peito; desde então retomei a rotina sem dificuldade.",baixo risco,treino
f081,g21,Cenário sintético 21: dor no peito forte e suor frio persistentes,Sinto dor no peito forte e suor frio persistentes há meia hora; precisei interromper o trabalho.,alto risco,treino
f082,g21,Cenário sintético 21: dor no peito forte e suor frio persistentes,"Há meia hora, comecei a apresentar dor no peito forte e suor frio persistentes. Por isso, precisei interromper o trabalho.",alto risco,treino
f083,g21,Cenário sintético 21: dor no peito forte e suor frio persistentes,"Meu relato é de dor no peito forte e suor frio persistentes, com início há meia hora. Na rotina, precisei interromper o trabalho.",alto risco,treino
f084,g21,Cenário sintético 21: dor no peito forte e suor frio persistentes,Percebi há meia hora que estava com dor no peito forte e suor frio persistentes; desde então precisei interromper o trabalho.,alto risco,treino
f085,g22,Cenário sintético 22: falta de ar em repouso e dor no peito,Sinto falta de ar em repouso e dor no peito desde esta manhã; não consigo caminhar até a cozinha.,alto risco,treino
f086,g22,Cenário sintético 22: falta de ar em repouso e dor no peito,"Desde esta manhã, comecei a apresentar falta de ar em repouso e dor no peito. Por isso, não consigo caminhar até a cozinha.",alto risco,treino
f087,g22,Cenário sintético 22: falta de ar em repouso e dor no peito,"Meu relato é de falta de ar em repouso e dor no peito, com início desde esta manhã. Na rotina, não consigo caminhar até a cozinha.",alto risco,treino
f088,g22,Cenário sintético 22: falta de ar em repouso e dor no peito,Percebi desde esta manhã que estava com falta de ar em repouso e dor no peito; desde então não consigo caminhar até a cozinha.,alto risco,treino
f089,g23,Cenário sintético 23: aperto intenso no peito que se espalha para o braço,Sinto aperto intenso no peito que se espalha para o braço há vinte minutos; parei de trabalhar por causa do desconforto.,alto risco,treino
f090,g23,Cenário sintético 23: aperto intenso no peito que se espalha para o braço,"Há vinte minutos, comecei a apresentar aperto intenso no peito que se espalha para o braço. Por isso, parei de trabalhar por causa do desconforto.",alto risco,treino
f091,g23,Cenário sintético 23: aperto intenso no peito que se espalha para o braço,"Meu relato é de aperto intenso no peito que se espalha para o braço, com início há vinte minutos. Na rotina, parei de trabalhar por causa do desconforto.",alto risco,treino
f092,g23,Cenário sintético 23: aperto intenso no peito que se espalha para o braço,Percebi há vinte minutos que estava com aperto intenso no peito que se espalha para o braço; desde então parei de trabalhar por causa do desconforto.,alto risco,treino
f093,g24,Cenário sintético 24: dor no peito acompanhada de náusea intensa e suor frio,Sinto dor no peito acompanhada de náusea intensa e suor frio desde cedo; não consigo manter minhas atividades.,alto risco,treino
f094,g24,Cenário sintético 24: dor no peito acompanhada de náusea intensa e suor frio,"Desde cedo, comecei a apresentar dor no peito acompanhada de náusea intensa e suor frio. Por isso, não consigo manter minhas atividades.",alto risco,treino
f095,g24,Cenário sintético 24: dor no peito acompanhada de náusea intensa e suor frio,"Meu relato é de dor no peito acompanhada de náusea intensa e suor frio, com início desde cedo. Na rotina, não consigo manter minhas atividades.",alto risco,treino
f096,g24,Cenário sintético 24: dor no peito acompanhada de náusea intensa e suor frio,Percebi desde cedo que estava com dor no peito acompanhada de náusea intensa e suor frio; desde então não consigo manter minhas atividades.,alto risco,treino
f097,g25,Cenário sintético 25: falta de ar ao deitar e inchaço nas pernas que pioram,Sinto falta de ar ao deitar e inchaço nas pernas que pioram há três dias; não consigo dormir deitado.,alto risco,validacao
f098,g25,Cenário sintético 25: falta de ar ao deitar e inchaço nas pernas que pioram,"Há três dias, comecei a apresentar falta de ar ao deitar e inchaço nas pernas que pioram. Por isso, não consigo dormir deitado.",alto risco,validacao
f099,g25,Cenário sintético 25: falta de ar ao deitar e inchaço nas pernas que pioram,"Meu relato é de falta de ar ao deitar e inchaço nas pernas que pioram, com início há três dias. Na rotina, não consigo dormir deitado.",alto risco,validacao
f100,g25,Cenário sintético 25: falta de ar ao deitar e inchaço nas pernas que pioram,Percebi há três dias que estava com falta de ar ao deitar e inchaço nas pernas que pioram; desde então não consigo dormir deitado.,alto risco,validacao
f101,g26,Cenário sintético 26: cansaço intenso com falta de ar mesmo parado,Sinto cansaço intenso com falta de ar mesmo parado desde ontem; preciso parar para falar.,alto risco,treino
f102,g26,Cenário sintético 26: cansaço intenso com falta de ar mesmo parado,"Desde ontem, comecei a apresentar cansaço intenso com falta de ar mesmo parado. Por isso, preciso parar para falar.",alto risco,treino
f103,g26,Cenário sintético 26: cansaço intenso com falta de ar mesmo parado,"Meu relato é de cansaço intenso com falta de ar mesmo parado, com início desde ontem. Na rotina, preciso parar para falar.",alto risco,treino
f104,g26,Cenário sintético 26: cansaço intenso com falta de ar mesmo parado,Percebi desde ontem que estava com cansaço intenso com falta de ar mesmo parado; desde então preciso parar para falar.,alto risco,treino
f105,g27,Cenário sintético 27: desmaio seguido de dor no peito,Sinto desmaio seguido de dor no peito desde esta tarde; interrompi todas as tarefas.,alto risco,teste
f106,g27,Cenário sintético 27: desmaio seguido de dor no peito,"Desde esta tarde, comecei a apresentar desmaio seguido de dor no peito. Por isso, interrompi todas as tarefas.",alto risco,teste
f107,g27,Cenário sintético 27: desmaio seguido de dor no peito,"Meu relato é de desmaio seguido de dor no peito, com início desde esta tarde. Na rotina, interrompi todas as tarefas.",alto risco,teste
f108,g27,Cenário sintético 27: desmaio seguido de dor no peito,Percebi desde esta tarde que estava com desmaio seguido de dor no peito; desde então interrompi todas as tarefas.,alto risco,teste
f109,g28,Cenário sintético 28: pressão persistente no peito e tontura intensa,Sinto pressão persistente no peito e tontura intensa há quarenta minutos; não consigo continuar caminhando.,alto risco,validacao
f110,g28,Cenário sintético 28: pressão persistente no peito e tontura intensa,"Há quarenta minutos, comecei a apresentar pressão persistente no peito e tontura intensa. Por isso, não consigo continuar caminhando.",alto risco,validacao
f111,g28,Cenário sintético 28: pressão persistente no peito e tontura intensa,"Meu relato é de pressão persistente no peito e tontura intensa, com início há quarenta minutos. Na rotina, não consigo continuar caminhando.",alto risco,validacao
f112,g28,Cenário sintético 28: pressão persistente no peito e tontura intensa,Percebi há quarenta minutos que estava com pressão persistente no peito e tontura intensa; desde então não consigo continuar caminhando.,alto risco,validacao
f113,g29,Cenário sintético 29: dor no peito forte e falta de ar que pioram,Sinto dor no peito forte e falta de ar que pioram desde a madrugada; não consigo sair da cama normalmente.,alto risco,treino
f114,g29,Cenário sintético 29: dor no peito forte e falta de ar que pioram,"Desde a madrugada, comecei a apresentar dor no peito forte e falta de ar que pioram. Por isso, não consigo sair da cama normalmente.",alto risco,treino
f115,g29,Cenário sintético 29: dor no peito forte e falta de ar que pioram,"Meu relato é de dor no peito forte e falta de ar que pioram, com início desde a madrugada. Na rotina, não consigo sair da cama normalmente.",alto risco,treino
f116,g29,Cenário sintético 29: dor no peito forte e falta de ar que pioram,Percebi desde a madrugada que estava com dor no peito forte e falta de ar que pioram; desde então não consigo sair da cama normalmente.,alto risco,treino
f117,g30,Cenário sintético 30: inchaço nas pernas e cansaço progressivo com falta de ar,Sinto inchaço nas pernas e cansaço progressivo com falta de ar há uma semana; não consigo subir poucos degraus.,alto risco,teste
f118,g30,Cenário sintético 30: inchaço nas pernas e cansaço progressivo com falta de ar,"Há uma semana, comecei a apresentar inchaço nas pernas e cansaço progressivo com falta de ar. Por isso, não consigo subir poucos degraus.",alto risco,teste
f119,g30,Cenário sintético 30: inchaço nas pernas e cansaço progressivo com falta de ar,"Meu relato é de inchaço nas pernas e cansaço progressivo com falta de ar, com início há uma semana. Na rotina, não consigo subir poucos degraus.",alto risco,teste
f120,g30,Cenário sintético 30: inchaço nas pernas e cansaço progressivo com falta de ar,Percebi há uma semana que estava com inchaço nas pernas e cansaço progressivo com falta de ar; desde então não consigo subir poucos degraus.,alto risco,teste
f121,g31,Cenário sintético 31: suor frio e dor persistente no peito em repouso,Sinto suor frio e dor persistente no peito em repouso desde o almoço; precisei parar minhas atividades.,alto risco,teste
f122,g31,Cenário sintético 31: suor frio e dor persistente no peito em repouso,"Desde o almoço, comecei a apresentar suor frio e dor persistente no peito em repouso. Por isso, precisei parar minhas atividades.",alto risco,teste
f123,g31,Cenário sintético 31: suor frio e dor persistente no peito em repouso,"Meu relato é de suor frio e dor persistente no peito em repouso, com início desde o almoço. Na rotina, precisei parar minhas atividades.",alto risco,teste
f124,g31,Cenário sintético 31: suor frio e dor persistente no peito em repouso,Percebi desde o almoço que estava com suor frio e dor persistente no peito em repouso; desde então precisei parar minhas atividades.,alto risco,teste
f125,g32,"Cenário sintético 32: falta de ar súbita e intensa, mesmo sem dor no peito","Sinto falta de ar súbita e intensa, mesmo sem dor no peito há poucos minutos; não consigo completar uma frase.",alto risco,treino
f126,g32,"Cenário sintético 32: falta de ar súbita e intensa, mesmo sem dor no peito","Há poucos minutos, comecei a apresentar falta de ar súbita e intensa, mesmo sem dor no peito. Por isso, não consigo completar uma frase.",alto risco,treino
f127,g32,"Cenário sintético 32: falta de ar súbita e intensa, mesmo sem dor no peito","Meu relato é de falta de ar súbita e intensa, mesmo sem dor no peito, com início há poucos minutos. Na rotina, não consigo completar uma frase.",alto risco,treino
f128,g32,"Cenário sintético 32: falta de ar súbita e intensa, mesmo sem dor no peito","Percebi há poucos minutos que estava com falta de ar súbita e intensa, mesmo sem dor no peito; desde então não consigo completar uma frase.",alto risco,treino
f129,g33,Cenário sintético 33: desconforto forte no peito com dor na mandíbula,Sinto desconforto forte no peito com dor na mandíbula desde cedo; abandonei o trabalho pelo mal-estar.,alto risco,validacao
f130,g33,Cenário sintético 33: desconforto forte no peito com dor na mandíbula,"Desde cedo, comecei a apresentar desconforto forte no peito com dor na mandíbula. Por isso, abandonei o trabalho pelo mal-estar.",alto risco,validacao
f131,g33,Cenário sintético 33: desconforto forte no peito com dor na mandíbula,"Meu relato é de desconforto forte no peito com dor na mandíbula, com início desde cedo. Na rotina, abandonei o trabalho pelo mal-estar.",alto risco,validacao
f132,g33,Cenário sintético 33: desconforto forte no peito com dor na mandíbula,Percebi desde cedo que estava com desconforto forte no peito com dor na mandíbula; desde então abandonei o trabalho pelo mal-estar.,alto risco,validacao
f133,g34,Cenário sintético 34: dor no peito com sensação de desmaio,Sinto dor no peito com sensação de desmaio há quinze minutos; não consigo ficar em pé.,alto risco,treino
f134,g34,Cenário sintético 34: dor no peito com sensação de desmaio,"Há quinze minutos, comecei a apresentar dor no peito com sensação de desmaio. Por isso, não consigo ficar em pé.",alto risco,treino
f135,g34,Cenário sintético 34: dor no peito com sensação de desmaio,"Meu relato é de dor no peito com sensação de desmaio, com início há quinze minutos. Na rotina, não consigo ficar em pé.",alto risco,treino
f136,g34,Cenário sintético 34: dor no peito com sensação de desmaio,Percebi há quinze minutos que estava com dor no peito com sensação de desmaio; desde então não consigo ficar em pé.,alto risco,treino
f137,g35,Cenário sintético 35: falta de ar intensa e lábios arroxeados,Sinto falta de ar intensa e lábios arroxeados desde esta noite; não consigo caminhar dentro de casa.,alto risco,teste
f138,g35,Cenário sintético 35: falta de ar intensa e lábios arroxeados,"Desde esta noite, comecei a apresentar falta de ar intensa e lábios arroxeados. Por isso, não consigo caminhar dentro de casa.",alto risco,teste
f139,g35,Cenário sintético 35: falta de ar intensa e lábios arroxeados,"Meu relato é de falta de ar intensa e lábios arroxeados, com início desde esta noite. Na rotina, não consigo caminhar dentro de casa.",alto risco,teste
f140,g35,Cenário sintético 35: falta de ar intensa e lábios arroxeados,Percebi desde esta noite que estava com falta de ar intensa e lábios arroxeados; desde então não consigo caminhar dentro de casa.,alto risco,teste
f141,g36,Cenário sintético 36: dor forte no peito que não melhora em repouso,Sinto dor forte no peito que não melhora em repouso há uma hora; não consigo realizar nenhuma tarefa.,alto risco,treino
f142,g36,Cenário sintético 36: dor forte no peito que não melhora em repouso,"Há uma hora, comecei a apresentar dor forte no peito que não melhora em repouso. Por isso, não consigo realizar nenhuma tarefa.",alto risco,treino
f143,g36,Cenário sintético 36: dor forte no peito que não melhora em repouso,"Meu relato é de dor forte no peito que não melhora em repouso, com início há uma hora. Na rotina, não consigo realizar nenhuma tarefa.",alto risco,treino
f144,g36,Cenário sintético 36: dor forte no peito que não melhora em repouso,Percebi há uma hora que estava com dor forte no peito que não melhora em repouso; desde então não consigo realizar nenhuma tarefa.,alto risco,treino
f145,g37,Cenário sintético 37: palpitações persistentes com desmaio,Sinto palpitações persistentes com desmaio desde ontem à noite; interrompi a rotina por causa dos episódios.,alto risco,treino
f146,g37,Cenário sintético 37: palpitações persistentes com desmaio,"Desde ontem à noite, comecei a apresentar palpitações persistentes com desmaio. Por isso, interrompi a rotina por causa dos episódios.",alto risco,treino
f147,g37,Cenário sintético 37: palpitações persistentes com desmaio,"Meu relato é de palpitações persistentes com desmaio, com início desde ontem à noite. Na rotina, interrompi a rotina por causa dos episódios.",alto risco,treino
f148,g37,Cenário sintético 37: palpitações persistentes com desmaio,Percebi desde ontem à noite que estava com palpitações persistentes com desmaio; desde então interrompi a rotina por causa dos episódios.,alto risco,treino
f149,g38,"Cenário sintético 38: suor frio, náusea intensa e pressão no peito","Sinto suor frio, náusea intensa e pressão no peito desde esta manhã; precisei interromper a caminhada.",alto risco,treino
f150,g38,"Cenário sintético 38: suor frio, náusea intensa e pressão no peito","Desde esta manhã, comecei a apresentar suor frio, náusea intensa e pressão no peito. Por isso, precisei interromper a caminhada.",alto risco,treino
f151,g38,"Cenário sintético 38: suor frio, náusea intensa e pressão no peito","Meu relato é de suor frio, náusea intensa e pressão no peito, com início desde esta manhã. Na rotina, precisei interromper a caminhada.",alto risco,treino
f152,g38,"Cenário sintético 38: suor frio, náusea intensa e pressão no peito","Percebi desde esta manhã que estava com suor frio, náusea intensa e pressão no peito; desde então precisei interromper a caminhada.",alto risco,treino
f153,g39,Cenário sintético 39: falta de ar progressiva com inchaço nas pernas e cansaço intenso,Sinto falta de ar progressiva com inchaço nas pernas e cansaço intenso há quatro dias; não consigo tomar banho sem parar.,alto risco,treino
f154,g39,Cenário sintético 39: falta de ar progressiva com inchaço nas pernas e cansaço intenso,"Há quatro dias, comecei a apresentar falta de ar progressiva com inchaço nas pernas e cansaço intenso. Por isso, não consigo tomar banho sem parar.",alto risco,treino
f155,g39,Cenário sintético 39: falta de ar progressiva com inchaço nas pernas e cansaço intenso,"Meu relato é de falta de ar progressiva com inchaço nas pernas e cansaço intenso, com início há quatro dias. Na rotina, não consigo tomar banho sem parar.",alto risco,treino
f156,g39,Cenário sintético 39: falta de ar progressiva com inchaço nas pernas e cansaço intenso,Percebi há quatro dias que estava com falta de ar progressiva com inchaço nas pernas e cansaço intenso; desde então não consigo tomar banho sem parar.,alto risco,treino
f157,g40,Cenário sintético 40: dor no peito súbita acompanhada de fraqueza intensa,Sinto dor no peito súbita acompanhada de fraqueza intensa há dez minutos; precisei sentar e parar o que fazia.,alto risco,validacao
f158,g40,Cenário sintético 40: dor no peito súbita acompanhada de fraqueza intensa,"Há dez minutos, comecei a apresentar dor no peito súbita acompanhada de fraqueza intensa. Por isso, precisei sentar e parar o que fazia.",alto risco,validacao
f159,g40,Cenário sintético 40: dor no peito súbita acompanhada de fraqueza intensa,"Meu relato é de dor no peito súbita acompanhada de fraqueza intensa, com início há dez minutos. Na rotina, precisei sentar e parar o que fazia.",alto risco,validacao
f160,g40,Cenário sintético 40: dor no peito súbita acompanhada de fraqueza intensa,Percebi há dez minutos que estava com dor no peito súbita acompanhada de fraqueza intensa; desde então precisei sentar e parar o que fazia.,alto risco,validacao
